civic_var_id	civic_gene_id	hugo_symbol	gene	hgvs.p	source	transcript	transcript_2	ensembl_version	ref_build	entrez_id	entrez_name	civic_var_name	civic_var_types	civic_hgvs_exp
13	5	BRAF	ENSG00000157764.11	p.V600E;V600M	Protein	ENST00000288602.6	None	75	GRCh37	673	BRAF	V600E+V600M	missense_variant	[]
14	5	BRAF	ENSG00000157764.11	p.V600E	Protein	ENST00000288602.6	None	75	GRCh37	673	BRAF	V600E AMPLIFICATION	missense_variant;transcript_amplification	[]
87	35	NPM1	ENSG00000181163.12	p.W288Cfs*	Protein	ENST00000517671.1	None	75	GRCh37	4869	NPM1	W288FS	frameshift_elongation	['ENST00000517671.1:c.860_863dupTCTG', 'NP_002511.1:p.Trp288Cysfs', 'NC_000005.9:g.170837544_170837547dupTCTG', 'NM_002520.6:c.860_863dupTCTG']
279	3870	NF2	ENSG00000186575.16	p.K159fs*16	Protein	ENST00000338641.4	None	75	GRCh37	4771	NF2	K159FS*16	frameshift_truncation	[]
541	15013	PALB2	ENSG00000083093.8	p.L531fs*30	Protein	ENST00000261584.4	None	75	GRCh37	79728	PALB2	L531FS*30	SNP;minus_1_frameshift_variant	[]
572	2073	MTOR	ENSG00000198793.11	p.E2014K;E2419K	Protein	ENST00000361445.4	None	75	GRCh37	2475	MTOR	E2014K + E2419K	missense_variant	[]
734	3532	MLH1	ENSG00000076242.13	p.P138T	Protein	None	None	None	None	4292	MLH1	P138T		[]
763	3628	MSH2	ENSG00000095002.11	p.E28fs	Protein	ENST00000233146.2	None	75	GRCh37	4436	MSH2	E28FS	frameshift_elongation	['NC_000002.11:g.47630414dupG']
804	43	RUNX1	ENSG00000159216.17	p.R135fsX177	Protein	None	None	None	None	861	RUNX1	R135FSX177		[]
813	1769	ETV6	ENSG00000139083.9	p.P214L	Protein	ENST00000396373.4	None	75	GRCh37	2120	ETV6	P214L	missense_variant	[]
814	11932	DDX41	ENSG00000183258.10	p.R164W	Protein	ENST00000507955.1	None	75	GRCh37	51428	DDX41	R164W	missense_variant	[]
818	20	ERBB2	ENSG00000141736.12	p.M774delinsWLV	Protein	ENST00000269571.5	None	75	GRCh37	2064	ERBB2	M774DELINSWLV	inframe_indel	[]
824	31	MAP2K1	ENSG00000169032.8	p.K57T	Protein	ENST00000307102.5	None	75	GRCh37	5604	MAP2K1	K57T	missense_variant	[]
825	3	ARAF	ENSG00000078061.11	p.S490T	Protein	ENST00000377045.4	None	75	GRCh37	369	ARAF	S490T	missense_variant	[]
877	2319	GNAS	ENSG00000087460.22	p.T393C	Protein	ENST00000371100	None	75	GRCh37	2778	GNAS	T393C	missense_variant	[]
890	19	EGFR	ENSG00000146648.14	p.L747_S752del	Protein	None	None	None	GRCh37	1956	EGFR	L747_S752del		[]
948	29	KIT	ENSG00000157404.14	p.K550_W557del	Protein	ENST00000288135.5	None	75	GRCh37	3815	KIT	K550_W557del	inframe_deletion	['ENST00000288135.5:c.1648_1671del AAACCCATGTATGAAGTACAGTGG']
953	29	KIT	ENSG00000157404.14	p.Y553_K558del	Protein	None	None	None	GRCh37	3815	KIT	Y553_K558DEL	inframe_deletion	[]
957	29	KIT	ENSG00000157404.14	p.V555_P573del	Protein	None	None	None	GRCh37	3815	KIT	V555_P573DEL	inframe_deletion	[]
962	29	KIT	ENSG00000157404.14	p.W557_E561del	Protein	None	None	None	GRCh37	3815	KIT	W557_E561DEL		[]
987	29	KIT	ENSG00000157404.14	p.N822H	Protein	None	None	None	GRCh37	3815	KIT	N822H	missense_variant	[]
990	29	KIT	ENSG00000157404.14	p.A829P	Protein	None	None	None	GRCh37	3815	KIT	A829P	missense_variant	[]
991	5	BRAF	ENSG00000157764.11	p.V600R	Protein	None	None	None	GRCh37	673	BRAF	V600R	coding_sequence_variant	[]
993	5	BRAF	ENSG00000157764.11	p.G469E	Protein	None	None	None	GRCh37	673	BRAF	G469E	missense_variant	[]
994	19	EGFR	ENSG00000146648.14	p.R108K	Protein	None	None	None	GRCh37	1956	EGFR	R108K		[]
995	19	EGFR	ENSG00000146648.14	p.T263P	Protein	None	None	None	GRCh37	1956	EGFR	T263P	missense_variant	[]
1001	19	EGFR	ENSG00000146648.14	p.V742A	Protein	None	None	None	GRCh37	1956	EGFR	V742A		[]
1004	19	EGFR	ENSG00000146648.14	p.E746_T751delinsA	Protein	ENST00000275493.2	None	75	GRCh37	1956	EGFR	E746_T751delinsA		[]
1005	19	EGFR	ENSG00000146648.14	p.E746V	Protein	None	None	None	GRCh37	1956	EGFR	E746V		[]
1012	19	EGFR	ENSG00000146648.14	p.L747_P753delinsS	Protein	None	None	None	GRCh37	1956	EGFR	L747_P753delinsS	inframe_deletion	[]
1013	19	EGFR	ENSG00000146648.14	p.D761N	Protein	None	None	None	GRCh37	1956	EGFR	D761N		[]
1016	19	EGFR	ENSG00000146648.14	p.G810S	Protein	None	None	None	GRCh37	1956	EGFR	G810S		[]
1018	19	EGFR	ENSG00000146648.14	p.L838V	Protein	None	None	None	GRCh37	1956	EGFR	L838V		[]
1020	19	EGFR	ENSG00000146648.14	p.L861Q	Protein	None	None	None	GRCh37	1956	EGFR	L861Q		[]
1045	45	TP53	ENSG00000141510.14	p.D281G	Protein	None	None	None	GRCh37	7157	TP53	D281G		[]
1049	45	TP53	ENSG00000141510.14	p.P278S	Protein	None	None	None	GRCh37	7157	TP53	P278S		[]
1105	30	KRAS	ENSG00000133703.10	p.Q61fs	Protein	None	None	None	GRCh37	3845	KRAS	Q61FS		[]
1124	18	DNMT3A	ENSG00000119772.15	p.R882P	Protein	None	None	None	GRCh37	1788	DNMT3A	R882P		[]
1125	18	DNMT3A	ENSG00000119772.15	p.R882H	Protein	None	None	None	GRCh37	1788	DNMT3A	R882H		[]
1154	69	ATM	ENSG00000149311.16	p.M1fs	Protein	None	None	None	GRCh37	472	ATM	M1FS	frameshift_variant	[]
1165	69	ATM	ENSG00000149311.16	p.R777fs	Protein	None	None	None	GRCh37	472	ATM	R777FS	frameshift_variant	[]
1167	69	ATM	ENSG00000149311.16	p.V1268fs	Protein	None	None	None	GRCh37	472	ATM	V1268FS	frameshift_variant	[]
1175	36	NRAS	ENSG00000213281.4	p.G12V	Protein	None	None	None	GRCh37	4893	NRAS	G12V		[]
1181	19	EGFR	ENSG00000146648.14	p.R776C	Protein	None	None	None	GRCh37	1956	EGFR	R776C		[]
1182	19	EGFR	ENSG00000146648.14	p.S784F	Protein	None	None	None	GRCh37	1956	EGFR	S784F		[]
1186	5	BRAF	ENSG00000157764.11	p.N581S	Protein	None	None	None	GRCh37	673	BRAF	N581S	missense_variant	[]
1188	19	EGFR	ENSG00000146648.14	p.N826S	Protein	None	None	None	GRCh37	1956	EGFR	N826S	missense_variant	[]
1282	3983	NTRK1	ENSG00000198400.10	p.G595R;G667C	Protein	ENST00000524377.1	None	75	GRCh37	4914	NTRK1	LMNA-NTRK1 G595R AND G667C	missense_variant	[]
1292	3090	JAK1	ENSG00000162434.10	p.W690*	Protein	ENST00000342505.4	None	75	GRCh37	3716	JAK1	W690*	stop_gained	[]
1304	20	ERBB2	ENSG00000141736.12	p.L755P	Protein	ENST00000269571.5	None	75	GRCh37	2064	ERBB2	L755P	missense_variant	['NC_000017.13:g.37880219_37880220delinsCC', 'NM_004448.3:c.2263_2264delinsCC', 'NP_004439.2:p.Leu755Pro']
1309	20	ERBB2	ENSG00000141736.12	p.L638S	Protein	None	None	None	None	2064	ERBB2	L638S		[]
1311	20	ERBB2	ENSG00000141736.12	p.V773L	Protein	None	None	None	None	2064	ERBB2	V773L		[]
1313	20	ERBB2	ENSG00000141736.12	p.L753E	Protein	None	None	None	None	2064	ERBB2	L753E		[]
1314	20	ERBB2	ENSG00000141736.12	p.K755S	Protein	None	None	None	None	2064	ERBB2	K755S		[]
1317	36	NRAS	ENSG00000213281.4	p.G13V	Protein	None	None	None	None	4893	NRAS	G13V		[]
1319	2319	GNAS	ENSG00000087460.22	p.R201H	Protein	None	None	None	None	2778	GNAS	R201H		[]
1387	2747	HRAS	ENSG00000174775.15	p.G12D	Protein	None	None	None	GRCh37	3265	HRAS	G12D		[]
1390	19	EGFR	ENSG00000146648.14	p.E884K	Protein	None	None	None	GRCh37	1956	EGFR	E884K		[]
1391	2747	HRAS	ENSG00000174775.15	p.Q61R	Protein	None	None	None	GRCh37	3265	HRAS	Q61R		[]
1392	2747	HRAS	ENSG00000174775.15	p.Q61K	Protein	None	None	None	GRCh37	3265	HRAS	Q61K		[]
1393	2747	HRAS	ENSG00000174775.15	p.G13R	Protein	None	None	None	GRCh37	3265	HRAS	G13R		[]
1394	2747	HRAS	ENSG00000174775.15	p.G12V	Protein	None	None	None	GRCh37	3265	HRAS	G12V		[]
1397	24	FLT3	ENSG00000122025.13	p.D835E	Protein	None	None	None	GRCh37	2322	FLT3	D835E	missense_variant	[]
1398	4542	MAP2K2	ENSG00000126934.12	p.F57C	Protein	None	None	None	GRCh37	5605	MAP2K2	F57C	missense_variant	[]
1400	23	FGFR3	ENSG00000068078.16	p.K650E	Protein	None	None	None	GRCh37	2261	FGFR3	K650E		[]
1413	19	EGFR	ENSG00000146648.14	p.E709Q	Protein	None	None	None	GRCh37	1956	EGFR	E709Q		[]
1420	19	EGFR	ENSG00000146648.14	p.G719D	Protein	None	None	None	GRCh37	1956	EGFR	G719D		[]
1443	19	EGFR	ENSG00000146648.14	p.S768N	Protein	None	None	None	GRCh37	1956	EGFR	S768N		[]
1445	19	EGFR	ENSG00000146648.14	p.D770_N771insSVD	Protein	None	None	None	GRCh37	1956	EGFR	D770_N771insSVD		[]
1446	19	EGFR	ENSG00000146648.14	p.H773_V774insH	Protein	None	None	None	GRCh37	1956	EGFR	H773_V774insH		[]
1457	19	EGFR	ENSG00000146648.14	p.L838P	Protein	None	None	None	GRCh37	1956	EGFR	L838P		[]
1463	19	EGFR	ENSG00000146648.14	p.T847I	Protein	None	None	None	GRCh37	1956	EGFR	T847I		[]
1465	19	EGFR	ENSG00000146648.14	p.P848L	Protein	None	None	None	GRCh37	1956	EGFR	P848L		[]
1466	19	EGFR	ENSG00000146648.14	p.V851I	Protein	None	None	None	GRCh37	1956	EGFR	V851I	missense_variant	[]
1467	19	EGFR	ENSG00000146648.14	p.T854A	Protein	None	None	None	GRCh37	1956	EGFR	T854A		[]
1477	19	EGFR	ENSG00000146648.14	p.L861R	Protein	None	None	None	GRCh37	1956	EGFR	L861R		[]
1482	19	EGFR	ENSG00000146648.14	p.E868G	Protein	None	None	None	GRCh37	1956	EGFR	E868G		[]
1489	2747	HRAS	ENSG00000174775.15	p.G13V	Protein	None	None	None	GRCh37	3265	HRAS	G13V		[]
1498	29	KIT	ENSG00000157404.14	p.W557_V559insC	Protein	None	None	None	GRCh37	3815	KIT	W557_V559insC		[]
1504	12903	FBXW7	ENSG00000109670.12	p.R505H	Protein	None	None	None	GRCh37	55294	FBXW7	R505H		[]
1511	19	EGFR	ENSG00000146648.14	p.S768_D770dup	Protein	None	None	None	GRCh37	1956	EGFR	S768_D770dup		[]
1513	19	EGFR	ENSG00000146648.14	p.H773_V774insNPH	Protein	None	None	None	GRCh37	1956	EGFR	H773_V774insNPH	inframe_insertion	[]
1520	2073	MTOR	ENSG00000198793.11	p.Q2223K	Protein	None	None	None	GRCh37	2475	MTOR	Q2223K		[]
1541	29	KIT	ENSG00000157404.14	p.Q556_I571del	Protein	None	None	None	GRCh37	3815	KIT	Q556_I571DEL	inframe_deletion	[]
1543	29	KIT	ENSG00000157404.14	p.V555_I571del	Protein	None	None	None	GRCh37	3815	KIT	V555_I571DEL	inframe_deletion	[]
1547	29	KIT	ENSG00000157404.14	p.D579_H580insIDPTQLPYD	Protein	None	None	None	GRCh37	3815	KIT	D579_H580insIDPTQLPYD	inframe_insertion	[]
1548	29	KIT	ENSG00000157404.14	p.Y570_L576del	Protein	None	None	None	GRCh37	3815	KIT	Y570_L576DEL	inframe_deletion	[]
1550	29	KIT	ENSG00000157404.14	p.V560_L576del	Protein	None	None	None	GRCh37	3815	KIT	V560_L576DEL	inframe_deletion	[]
1551	29	KIT	ENSG00000157404.14	p.V569_L576del	Protein	None	None	None	GRCh37	3815	KIT	V569_L576DEL	inframe_deletion	[]
1555	6	BRCA1	ENSG00000012048.18	p.W1815*	Protein	None	None	None	GRCh37	672	BRCA1	W1815X	stop_gained	[]
1558	29	KIT	ENSG00000157404.14	p.A502_Y503insAY	Protein	None	None	None	GRCh37	3815	KIT	A502_Y503insAY	inframe_insertion	[]
1560	5365	SMO	ENSG00000128602.8	p.D473G	Protein	None	None	None	GRCh37	6608	SMO	D473G		[]
1561	5365	SMO	ENSG00000128602.8	p.D473Y	Protein	None	None	None	GRCh37	6608	SMO	D473Y		[]
1562	5365	SMO	ENSG00000128602.8	p.S278I	Protein	None	None	None	GRCh37	6608	SMO	S278I		[]
1563	5365	SMO	ENSG00000128602.8	p.W281C	Protein	None	None	None	GRCh37	6608	SMO	W281C		[]
1564	5365	SMO	ENSG00000128602.8	p.Q477E	Protein	None	None	None	GRCh37	6608	SMO	Q477E		[]
1567	19	EGFR	ENSG00000146648.14	p.V774_C775insHV	Protein	None	None	None	GRCh37	1956	EGFR	V774_C775insHV	inframe_insertion	[]
1569	19	EGFR	ENSG00000146648.14	p.D770_N771insNPG	Protein	None	None	None	GRCh37	1956	EGFR	D770_N771insNPG	inframe_insertion	[]
1571	19	EGFR	ENSG00000146648.14	p.W731L	Protein	None	None	None	GRCh37	1956	EGFR	W731L		[]
1572	19	EGFR	ENSG00000146648.14	p.E734Q	Protein	None	None	None	GRCh37	1956	EGFR	E734Q	missense_variant	[]
1573	19	EGFR	ENSG00000146648.14	p.T785A	Protein	None	None	None	GRCh37	1956	EGFR	T785A		[]
1575	19	EGFR	ENSG00000146648.14	p.Y801H	Protein	None	None	None	GRCh37	1956	EGFR	Y801H		[]
1576	5365	SMO	ENSG00000128602.8	p.V321M	Protein	None	None	None	GRCh37	6608	SMO	V321M		[]
1578	19	EGFR	ENSG00000146648.14	p.V769A	Protein	None	None	None	GRCh37	1956	EGFR	V769A		[]
1580	19	EGFR	ENSG00000146648.14	p.L747_S752insQ	Protein	None	None	None	GRCh37	1956	EGFR	L747_S752INSQ		[]
1582	19	EGFR	ENSG00000146648.14	p.P546S	Protein	None	None	None	GRCh37	1956	EGFR	P546S		[]
1583	5365	SMO	ENSG00000128602.8	p.W281L	Protein	None	None	None	GRCh37	6608	SMO	W281L		[]
1584	5365	SMO	ENSG00000128602.8	p.G497W	Protein	None	None	None	GRCh37	6608	SMO	G497W		[]
1585	5365	SMO	ENSG00000128602.8	p.I408V	Protein	None	None	None	GRCh37	6608	SMO	I408V		[]
1586	5365	SMO	ENSG00000128602.8	p.C469Y	Protein	None	None	None	GRCh37	6608	SMO	C469Y		[]
1587	5365	SMO	ENSG00000128602.8	p.T241M	Protein	None	None	None	GRCh37	6608	SMO	T241M		[]
1588	5365	SMO	ENSG00000128602.8	p.A459V	Protein	None	None	None	GRCh37	6608	SMO	A459V		[]
1589	5365	SMO	ENSG00000128602.8	p.S533N	Protein	None	None	None	GRCh37	6608	SMO	S533N		[]
1590	4645	PTCH1	ENSG00000185920.14	p.W170*	Protein	None	None	None	GRCh37	5727	PTCH1	W170X		[]
1591	4645	PTCH1	ENSG00000185920.14	p.W712*	Protein	None	None	None	GRCh37	5727	PTCH1	W712X		[]
1592	4645	PTCH1	ENSG00000185920.14	p.Q787*	Protein	None	None	None	GRCh37	5727	PTCH1	Q787X		[]
1593	4645	PTCH1	ENSG00000185920.14	p.Q17*	Protein	None	None	None	GRCh37	5727	PTCH1	Q17X		[]
1628	3867	NF1	ENSG00000196712.15	p.R163*	Protein	None	None	None	GRCh37	4763	NF1	R163X	stop_gained	[]
1630	24	FLT3	ENSG00000122025.13	p.Y591_V592insVDFREYE	Protein	None	None	None	GRCh37	2322	FLT3	Y591_V592INSVDFREYE		[]
1631	24	FLT3	ENSG00000122025.13	p.E588_Y589insKYFYVDFRE	Protein	None	None	None	GRCh37	2322	FLT3	E588_Y589INSKYFYVDFRE	inframe_insertion	[]
1632	24	FLT3	ENSG00000122025.13	p.V592_D593insDFREY	Protein	None	None	None	GRCh37	2322	FLT3	V592_D593INSDFREY		[]
1639	4	ABL1	ENSG00000097007.16	p.C475V	Protein	ENST00000318560.5	None	75	GRCh37	25	ABL1	C475V	splice_donor_variant	['ENST00000318560.5:c.1423_1424delinsGT']
1641	4941	ROS1	ENSG00000047936.9	p.D2033N	Protein	None	None	None	GRCh37	6098	ROS1	D2033N		[]
1642	4384	POLD1	ENSG00000062822.11	p.Y956N	Protein	None	None	None	GRCh37	5424	POLD1	Y956N		[]
1643	5128	SCN8A	ENSG00000196876.12	p.Q225*	Protein	None	None	None	GRCh37	6334	SCN8A	Q225X		[]
1644	18364	PXDNL	ENSG00000147485.11	p.P1460T	Protein	None	None	None	GRCh37	137902	PXDNL	P1460T		[]
1645	14195	PAPPA2	ENSG00000116183.9	p.Y1520*	Protein	None	None	None	GRCh37	60676	PAPPA2	Y1520X		[]
1646	13465	POLE4	ENSG00000115350.10	p.A59E	Protein	None	None	None	GRCh37	56655	POLE4	A59E		[]
1647	4384	POLD1	ENSG00000062822.11	p.C284Y	Protein	None	None	None	GRCh37	5424	POLD1	C284Y		[]
1648	4384	POLD1	ENSG00000062822.11	p.E374K	Protein	None	None	None	GRCh37	5424	POLD1	E374K		[]
1649	52	MET	ENSG00000105976.13	p.D1010Y	Protein	None	None	None	GRCh37	4233	MET	D1010Y		[]
1650	5	BRAF	ENSG00000157764.11	p.G596V	Protein	None	None	None	GRCh37	673	BRAF	G596V	missense_variant	[]
1651	52	MET	ENSG00000105976.13	p.D1010N	Protein	None	None	None	GRCh37	4233	MET	D1010N		[]
1652	4290	PIK3R2	ENSG00000268173.1	p.N561D	Protein	None	None	None	GRCh37	5296	PIK3R2	N561D		[]
1654	36	NRAS	ENSG00000213281.4	p.Q179*	Protein	None	None	None	GRCh37	4893	NRAS	Q179X		[]
1657	4	ABL1	ENSG00000097007.16	p.G340L	Protein	ENST00000372348.2	None	75	GRCh37	25	ABL1	G340L	coding_sequence_variant	[]
1658	5	BRAF	ENSG00000157764.11	p.V600_K601delinsD	Protein	None	None	None	GRCh37	673	BRAF	V600_K601DELINSD	inframe_deletion	[]
1659	29	KIT	ENSG00000157404.14	p.S628N	Protein	None	None	None	GRCh37	3815	KIT	S628N	missense_variant	[]
1660	52	MET	ENSG00000105976.13	p.D1010H	Protein	None	None	None	GRCh37	4233	MET	D1010H		[]
1662	19	EGFR	ENSG00000146648.14	p.N771delinsVH	Protein	None	None	None	GRCh37	1956	EGFR	N771DELinsVH		[]
1664	19	EGFR	ENSG00000146648.14	p.M766_A767insAI	Protein	None	None	None	GRCh37	1956	EGFR	M766_A767insAI		[]
1665	19	EGFR	ENSG00000146648.14	p.Y764_V765insHH	Protein	None	None	None	GRCh37	1956	EGFR	Y764_V765insHH		[]
1666	19	EGFR	ENSG00000146648.14	p.D770_N771insGY	Protein	None	None	None	GRCh37	1956	EGFR	D770_N771insGY	inframe_insertion	[]
1667	19	EGFR	ENSG00000146648.14	p.P772_H773insYNP	Protein	None	None	None	GRCh37	1956	EGFR	P772_H773insYNP	inframe_insertion	[]
1668	19	EGFR	ENSG00000146648.14	p.P772_V774insPHV	Protein	None	None	None	GRCh37	1956	EGFR	P772_V774insPHV	inframe_insertion	[]
1669	3359	LYN	ENSG00000254087.6	p.Y508F	Protein	None	None	None	GRCh37	4067	LYN	Y508F		[]
1670	4941	ROS1	ENSG00000047936.9	p.S1986Y	Protein	None	None	None	GRCh37	6098	ROS1	S1986Y		[]
1671	4941	ROS1	ENSG00000047936.9	p.S1986F	Protein	None	None	None	GRCh37	6098	ROS1	S1986F	missense_variant	[]
1672	19	EGFR	ENSG00000146648.14	p.Y69fs*11	Protein	None	None	None	GRCh37	1956	EGFR	Y69FS*11		[]
1674	21	ESR1	ENSG00000091831.20	p.E380Q	Protein	None	None	None	GRCh37	2099	ESR1	E380Q		[]
1675	21	ESR1	ENSG00000091831.20	p.L536R	Protein	None	None	None	GRCh37	2099	ESR1	L536R		[]
1676	12903	FBXW7	ENSG00000109670.12	p.S668fs*39	Protein	None	None	None	GRCh37	55294	FBXW7	S668FS*39		[]
1677	12903	FBXW7	ENSG00000109670.12	p.L403fs*34	Protein	None	None	None	GRCh37	55294	FBXW7	L403FS*34		[]
1678	12903	FBXW7	ENSG00000109670.12	p.G579W	Protein	None	None	None	GRCh37	55294	FBXW7	G579W		[]
1679	12903	FBXW7	ENSG00000109670.12	p.R658Q	Protein	None	None	None	GRCh37	55294	FBXW7	R658Q		[]
1680	4767	RAF1	ENSG00000132155.10	p.R391W	Protein	None	None	None	GRCh37	5894	RAF1	R391W		[]
1682	6559	ARID1A	ENSG00000117713.16	p.P1175fs*5	Protein	None	None	None	GRCh37	8289	ARID1A	P1175FS*5		[]
1688	42	RET	ENSG00000165731.16	p.V804L	Protein	None	None	None	None	5979	RET	KIF5B-RET V804L		[]
1689	42	RET	ENSG00000165731.16	p.G810A	Protein	None	None	None	None	5979	RET	KIF5B-RET G810A		[]
1692	23	FGFR3	ENSG00000068078.16	p.G691R	Protein	None	None	None	None	2261	FGFR3	G691R		[]
1696	45	TP53	ENSG00000141510.14	p.R249S	Protein	None	None	None	None	7157	TP53	R249S		[]
1697	45	TP53	ENSG00000141510.14	p.R280K	Protein	None	None	None	None	7157	TP53	R280K		[]
1698	45	TP53	ENSG00000141510.14	p.R280T	Protein	None	None	None	None	7157	TP53	R280T		[]
1700	42	RET	ENSG00000165731.16	p.C634R	Protein	None	None	None	None	5979	RET	C634R		[]
1735	58	VHL	ENSG00000134086.7	p.E52fs*	Protein	None	None	None	None	7428	VHL	E52fs* (c.156G>T)		[]
1736	58	VHL	ENSG00000134086.7	p.E55*	Protein	None	None	None	None	7428	VHL	E55* (c.163G>T)		[]
1737	58	VHL	ENSG00000134086.7	p.G39Afs*26	Protein	None	None	None	None	7428	VHL	G39AfsTer26 (c.327delC)		[]
1758	58	VHL	ENSG00000134086.7	p.N131*	Protein	None	None	None	None	7428	VHL	N131* (c.255insC)		[]
1762	58	VHL	ENSG00000134086.7	p.S111fs	Protein	None	None	None	None	7428	VHL	S111FS (c.331delA)		[]
1768	58	VHL	ENSG00000134086.7	p.L129Q	Protein	None	None	None	None	7428	VHL	L129Q (c.386insAGA)		[]
1770	58	VHL	ENSG00000134086.7	p.N150I	Protein	None	None	None	None	7428	VHL	N150I (c.448delA)		[]
1779	58	VHL	ENSG00000134086.7	p.R167fs	Protein	None	None	None	None	7428	VHL	R167fs (c.502insTTGTTCGT)		[]
1783	58	VHL	ENSG00000134086.7	p.T157fs	Protein	None	None	None	None	7428	VHL	T157fs (c.472insT)		[]
1785	58	VHL	ENSG00000134086.7	p.A56fs	Protein	None	None	None	None	7428	VHL	A56fs (c.167insA)		[]
1802	58	VHL	ENSG00000134086.7	p.L153C	Protein	None	None	None	None	7428	VHL	L153C (c.457delC)		[]
1819	58	VHL	ENSG00000134086.7	p.G185S	Protein	None	None	None	None	7428	VHL	G185S (c.340+5G>C)		[]
1830	4386	POLE	ENSG00000177084.15	p.P286R	Protein	None	None	None	None	5426	POLE	P286R		[]
1831	4386	POLE	ENSG00000177084.15	p.V411L	Protein	None	None	None	None	5426	POLE	V411L		[]
1832	4386	POLE	ENSG00000177084.15	p.S459F	Protein	None	None	None	None	5426	POLE	S459F		[]
1833	58	VHL	ENSG00000134086.7	p.V166F	Protein	None	None	None	None	7428	VHL	V166F (c.498C>G)		[]
1838	58	VHL	ENSG00000134086.7	p.L101G	Protein	None	None	None	None	7428	VHL	L101G (c.301C>G)		[]
1841	58	VHL	ENSG00000134086.7	p.L118T	Protein	None	None	None	None	7428	VHL	L118T (c.352insA)		[]
1843	58	VHL	ENSG00000134086.7	p.L132fs	Protein	None	None	None	None	7428	VHL	L132fs (c.395delA)		[]
1844	58	VHL	ENSG00000134086.7	p.D143fs	Protein	None	None	None	None	7428	VHL	D143fs (c.430delG)		[]
1847	58	VHL	ENSG00000134086.7	p.V181G	Protein	None	None	None	None	7428	VHL	V181G (c.540_543delCGTC)		[]
1851	58	VHL	ENSG00000134086.7	p.L128F	Protein	None	None	None	None	7428	VHL	L128F (c.381_382GC>TT)		[]
1853	58	VHL	ENSG00000134086.7	p.S111C	Protein	None	None	None	None	7428	VHL	S111C (c.330CA>TT)		[]
1854	19	EGFR	ENSG00000146648.14	p.L858R	Protein			None	None	1956	EGFR	Ex19 del L858R	missense_variant;inframe_deletion	[]
1868	58	VHL	ENSG00000134086.7	p.N131fs	Protein	None	None	None	None	7428	VHL	N131fs (c.393CC>A)		[]
1869	58	VHL	ENSG00000134086.7	p.E189L	Protein	None	None	None	None	7428	VHL	E189L (c.565delG)		[]
1872	58	VHL	ENSG00000134086.7	p.L158fs	Protein	None	None	None	None	7428	VHL	L158fs (c.473insT)		[]
1881	69	ATM	ENSG00000149311.16	p.F858L	Protein	None	None	None	None	472	ATM	F858L		[]
1889	58	VHL	ENSG00000134086.7	p.M54*	Protein	None	None	None	None	7428	VHL	M54* (c.162insT)		[]
1891	19	EGFR	ENSG00000146648.14	p.L747P	Protein			None	None	1956	EGFR	L747P		[]
1892	19	EGFR	ENSG00000146648.14	p.V774A	Protein			None	None	1956	EGFR	V774A		[]
1893	58	VHL	ENSG00000134086.7	p.F91*	Protein	None	None	None	None	7428	VHL	F91* (c.272T>A)		[]
1894	19	EGFR	ENSG00000146648.14	p.V774M	Protein			None	None	1956	EGFR	V774M		[]
1896	19	EGFR	ENSG00000146648.14	p.N826Y	Protein			None	None	1956	EGFR	N826Y		[]
1897	19	EGFR	ENSG00000146648.14	p.V834I	Protein			None	None	1956	EGFR	V834I		[]
1899	19	EGFR	ENSG00000146648.14	p.N842S	Protein			None	None	1956	EGFR	N842S		[]
1912	58	VHL	ENSG00000134086.7	p.F76Lfs*56	Protein	ENST00000256474.2	None	75	GRCh37	7428	VHL	F76fs (c.223_224insT)	frameshift_truncation	['NP_000542.1:p.F76Lfs*56', 'NM_000551.3:c.224dupT', 'NC_000003.11:g.10183755dupT']
1925	58	VHL	ENSG00000134086.7	p.L85fs	Protein	None	None	None	None	7428	VHL	L85fs (c.253_254ins38)		[]
1942	58	VHL	ENSG00000134086.7	p.P86S	Protein	None	None	None	None	7428	VHL	P86S (c.257C>T)		[]
1945	58	VHL	ENSG00000134086.7	p.Phe119Glnfs*12	Protein	None	None	None	None	7428	VHL	p.Phe119Glnfs*12 (c.354_355delCT)		[]
1948	58	VHL	ENSG00000134086.7	p.R69fs	Protein	None	None	None	None	7428	VHL	R69fs (c.204insG)		[]
1949	58	VHL	ENSG00000134086.7	p.G144fs	Protein	None	None	None	None	7428	VHL	G144fs (c.432insG)		[]
1954	58	VHL	ENSG00000134086.7	p.T105fs	Protein	None	None	None	None	7428	VHL	T105fs (c.315insAC)		[]
1955	58	VHL	ENSG00000134086.7	p.P71fs	Protein	None	None	None	None	7428	VHL	P71fs (c.211insT)		[]
1960	58	VHL	ENSG00000134086.7	p.L140fs	Protein	None	None	None	None	7428	VHL	L140fs (c.417_to_418delTC)		[]
1961	58	VHL	ENSG00000134086.7	p.M54fs	Protein	None	None	None	None	7428	VHL	M54fs (c.161insT)		[]
1981	58	VHL	ENSG00000134086.7	p.N100fsX131	Protein	None	None	None	None	7428	VHL	N100fsX131 (c.298_299InsA)		[]
2001	58	VHL	ENSG00000134086.7	p.R131S	Protein	None	None	None	None	7428	VHL	R131S (c.392A>G)		[]
2012	58	VHL	ENSG00000134086.7	p.S68W	Protein	None	None	None	None	7428	VHL	S68W (c.203C>G)		[]
2014	58	VHL	ENSG00000134086.7	p.P61fs	Protein	None	None	None	None	7428	VHL	P61fs (c.183insC)		[]
2023	58	VHL	ENSG00000134086.7	p.A149fs	Protein	None	None	None	None	7428	VHL	A149fs (c.449del14-nt)		[]
2027	58	VHL	ENSG00000134086.7	p.W117fs	Protein	ENST00000256474.2	None	75	GRCh37	7428	VHL	W117FS (c.349dupT)	inframe_insertion	['NP_000542.1:p.cTrp117LeufsTer15', 'NM_000551.3:c.349dup', 'ENST00000256474.2:c.349dupT', 'NC_000003.11:g.10188206dup']
2045	58	VHL	ENSG00000134086.7	p.S111C	Protein	None	None	None	None	7428	VHL	S111C (c.331A>T)		[]
2046	58	VHL	ENSG00000134086.7	p.V155L	Protein	None	None	None	None	7428	VHL	V155L (c.463G>C)		[]
2051	9533	DICER1	ENSG00000100697.13	p.D1709N	Protein	None	None	None	None	23405	DICER1	D1709N		[]
2063	5534	STK11	ENSG00000118046.13	p.F354L	Protein	None	None	None	None	6794	STK11	F354L		[]
2073	58	VHL	ENSG00000134086.7	p.G106fs	Protein	None	None	None	None	7428	VHL	G106fs (c.316insA)		[]
2081	58	VHL	ENSG00000134086.7	p.V194fs	Protein	None	None	None	None	7428	VHL	V194fs (c.581_582delGT)		[]
2086	58	VHL	ENSG00000134086.7	p.V130I;R200W	Protein	ENST00000256474.2	None	75	GRCh37	7428	VHL	V130I (c.388G>A)/ R200W (c.598C>T)	missense_variant	[]
2087	58	VHL	ENSG00000134086.7	p.L63fs	Protein	None	None	None	None	7428	VHL	L63fs (c.189_192delGCGC)		[]
2090	58	VHL	ENSG00000134086.7	p.P40fs	Protein	None	None	None	None	7428	VHL	P40fs (c.118ins)		[]
2091	58	VHL	ENSG00000134086.7	p.T152fs	Protein	None	None	None	None	7428	VHL	T152fs (c.455insA)		[]
2092	58	VHL	ENSG00000134086.7	p.T157fs	Protein	None	None	None	None	7428	VHL	T157fs (c.472ins)		[]
2094	58	VHL	ENSG00000134086.7	p.T157fs	Protein	None	None	None	None	7428	VHL	T157fs (c.472ins1-nt)		[]
2095	58	VHL	ENSG00000134086.7	p.I151fs	Protein	None	None	None	None	7428	VHL	I151fs (c.452insA)		[]
2097	58	VHL	ENSG00000134086.7	p.D92fs	Protein	None	None	None	None	7428	VHL	D92fs (c.275del18-nt)		[]
2099	58	VHL	ENSG00000134086.7	p.V66del	Protein	None	None	None	None	7428	VHL	V66del (c.197_220del)	inframe_deletion	[]
2116	58	VHL	ENSG00000134086.7	p.R167Q	Protein	None	None	None	None	7428	VHL	R167Q (c.499C>T)		[]
2121	58	VHL	ENSG00000134086.7	p.P61fs	Protein	None	None	None	None	7428	VHL	P61fs (c.181delCCGT)		[]
2129	58	VHL	ENSG00000134086.7	p.G114dup	Protein	None	None	None	None	7428	VHL	G114dup (c.342dupGGT)		[]
2131	58	VHL	ENSG00000134086.7	p.Q73fs	Protein	None	None	None	None	7428	VHL	Q73fs (c.214insGCCC)		[]
2132	58	VHL	ENSG00000134086.7	p.F76fs	Protein	None	None	None	None	7428	VHL	F76fs (c.227insC)		[]
2134	58	VHL	ENSG00000134086.7	p.G114fs	Protein	None	None	None	None	7428	VHL	G114fs (c.341delCGTTTCCAACAATTTCTCGGTGT)		[]
2136	58	VHL	ENSG00000134086.7	p.H125fs	Protein	None	None	None	None	7428	VHL	H125fs (c.374insA)		[]
2142	58	VHL	ENSG00000134086.7	p.T202fs	Protein	None	None	None	None	7428	VHL	T202fs (c.606insA)		[]
2144	58	VHL	ENSG00000134086.7	p.E55fs	Protein	None	None	None	None	7428	VHL	E55fs (c.165_166dupG)		[]
2148	58	VHL	ENSG00000134086.7	p.R161R	Protein	None	None	None	None	7428	VHL	R161R (c.481C>A)		[]
2153	58	VHL	ENSG00000134086.7	p.G114fs	Protein	None	None	None	None	7428	VHL	G114fs (c.326_339dupTCCACAGCTACCGA)		[]
2158	58	VHL	ENSG00000134086.7	p.F76fs	Protein	None	None	None	None	7428	VHL	F76fs (c.222_225dupCATC)		[]
2168	8032	RAD50	ENSG00000113522.12	p.L1237F	Protein	None	None	None	None	10111	RAD50	L1237F		[]
2175	58	VHL	ENSG00000134086.7	p.R79C	Protein	None	None	None	None	7428	VHL	R79C (c.235C>T)		[]
2195	9533	DICER1	ENSG00000100697.13	p.D1709G	Protein	None	None	None	None	23405	DICER1	D1709G		[]
2196	9533	DICER1	ENSG00000100697.13	p.D1709E	Protein	None	None	None	None	23405	DICER1	D1709E		[]
2213	19	EGFR	ENSG00000146648.14	p.M766_A767insASV	Protein	None	None	None	None	1956	EGFR	M766_A767insASV		[]
2217	19	EGFR	ENSG00000146648.14	p.P772_H773insH	Protein	None	None	None	None	1956	EGFR	P772_H773insH		[]
2221	5	BRAF	ENSG00000157764.11	p.G496A	Protein	None	None	None	None	673	BRAF	G496A		[]
2223	5	BRAF	ENSG00000157764.11	p.G606E	Protein	ENST00000288602.6	None	75	GRCh37	673	BRAF	G606E	missense_variant	[]
2224	5	BRAF	ENSG00000157764.11	p.P731T	Protein	ENST00000288602.6	None	75	GRCh37	673	BRAF	P731T	missense_variant	['ENST00000288602.6:c.2193G>T']
2248	58	VHL	ENSG00000134086.7	p.T100A	Protein	None	None	None	None	7428	VHL	T100A(c.298A>G)		[]
2249	58	VHL	ENSG00000134086.7	p.W117*	Protein	None	None	None	None	7428	VHL	W117* (c.350G>A)		[]
2251	58	VHL	ENSG00000134086.7	p.Q96fs	Protein	None	None	None	None	7428	VHL	Q96fs (c.286insT)		[]
2252	58	VHL	ENSG00000134086.7	p.G104fs	Protein	None	None	None	None	7428	VHL	G104fs (c.309delT)		[]
2253	58	VHL	ENSG00000134086.7	p.N174fs	Protein	None	None	None	None	7428	VHL	N174fs (c.520delA)		[]
2255	19	EGFR	ENSG00000146648.14	p.A702S	Protein	None	None	None	None	1956	EGFR	A702S		[]
2256	19	EGFR	ENSG00000146648.14	p.E709K;G719A	Protein	None	None	None	None	1956	EGFR	E709K and G719A		[]
2258	19	EGFR	ENSG00000146648.14	p.G719C	Protein	None	None	None	None	1956	EGFR	E 709A and G719C		[]
2259	19	EGFR	ENSG00000146648.14	p.I744_K745insKIPVAI	Protein	None	None	None	None	1956	EGFR	I744_K745insKIPVAI		[]
2260	52	MET	ENSG00000105976.13	p.D1028N	Protein	None	None	None	None	4233	MET	D1028N		[]
2261	58	VHL	ENSG00000134086.7	p.Q132fs	Protein	None	None	None	None	7428	VHL	Q132fs (c.395delA)		[]
2262	58	VHL	ENSG00000134086.7	p.L63fs	Protein	None	None	None	None	7428	VHL	L63fs (c.187delC)		[]
2263	58	VHL	ENSG00000134086.7	p.P61fs	Protein	None	None	None	None	7428	VHL	P61fs (c.181delC)		[]
2264	58	VHL	ENSG00000134086.7	p.R82_V84del	Protein	ENST00000256474.2	None	75	GRCh37	7428	VHL	R82_V84del (c.244_252del)	inframe_deletion	[]
2265	58	VHL	ENSG00000134086.7	p.A56_P59del	Protein	None	None	None	None	7428	VHL	A56_P59del (c.166_178del)		[]
2266	58	VHL	ENSG00000134086.7	p.G104fs	Protein	None	None	None	None	7428	VHL	G104fs (c.310delG)		[]
2267	58	VHL	ENSG00000134086.7	p.Q132fs	Protein	None	None	None	None	7428	VHL	Q132fs (c.395_396delAA)		[]
2268	58	VHL	ENSG00000134086.7	p.V194fs	Protein	None	None	None	None	7428	VHL	V194fs (c.579_580delTG)		[]
2269	58	VHL	ENSG00000134086.7	p.M54_A56del	Protein	None	None	None	None	7428	VHL	M54_A56del (c.159_168del)		[]
2271	58	VHL	ENSG00000134086.7	p.F76_N78del	Protein	None	None	None	None	7428	VHL	F76_N78del (c.226_232del)		[]
2272	58	VHL	ENSG00000134086.7	p.N141fs	Protein	None	None	None	None	7428	VHL	N141fs (c.421_422delAA)		[]
2273	58	VHL	ENSG00000134086.7	p.R161fs	Protein	None	None	None	None	7428	VHL	R161fs (c.481insC)		[]
2274	58	VHL	ENSG00000134086.7	p.P172fs	Protein	None	None	None	None	7428	VHL	P172fs (c.514delC)		[]
2276	18420	AMER1	ENSG00000184675.8	p.R358*	Protein	None	None	None	None	139285	AMER1	p.R358X		[]
2277	14303	CRLF2	ENSGR0000205755.9	p.V2del	Protein	None	None	None	None	64109	CRLF2	V2del		[]
2279	14303	CRLF2	ENSGR0000205755.9	p.G24R	Protein	None	None	None	None	64109	CRLF2	G24R		[]
2281	1290	CTNNB1	ENSG00000168036.15	p.S37C	Protein	None	None	None	None	1499	CTNNB1	p.S37C		[]
2282	11314	DROSHA	ENSG00000113360.15	p.E518K	Protein	None	None	None	None	29102	DROSHA	E518K		[]
2283	154	ACVR1	ENSG00000115170.12	p.G328E	Protein	None	None	None	None	90	ACVR1	G328E	missense_variant;gain_of_function_variant	[]
2285	14303	CRLF2	ENSGR0000205755.9	p.F232C	Protein	None	None	None	None	64109	CRLF2	F232C		[]
2290	58	VHL	ENSG00000134086.7	p.G144Q	Protein	None	None	None	None	7428	VHL	G144Q (c.431G>A)		[]
2293	58	VHL	ENSG00000134086.7	p.G104G	Protein	None	None	None	None	7428	VHL	G104G (c.312C>G)		[]
2294	58	VHL	ENSG00000134086.7	p.F91L	Protein	None	None	None	None	7428	VHL	F91L (c.273C>G)		[]
2299	58	VHL	ENSG00000134086.7	p.W88fs	Protein	None	None	None	None	7428	VHL	W88fs (c.261dupA)		[]
2301	58	VHL	ENSG00000134086.7	p.E55fs	Protein	None	None	None	None	7428	VHL	E55fs (c.162delG)		[]
2302	58	VHL	ENSG00000134086.7	p.R60fs	Protein	None	None	None	None	7428	VHL	R60fs (c.176_177delCG)		[]
2303	58	VHL	ENSG00000134086.7	p.P61_S65del	Protein	None	None	None	None	7428	VHL	P61_S65del (c.183_195del)		[]
2304	58	VHL	ENSG00000134086.7	p.E70fs	Protein	None	None	None	None	7428	VHL	E70fs (c.209_210delAG)		[]
2305	58	VHL	ENSG00000134086.7	p.L85fs	Protein	None	None	None	None	7428	VHL	L85fs (c.253delC)		[]
2306	58	VHL	ENSG00000134086.7	p.P86fs	Protein	None	None	None	None	7428	VHL	P86fs (c.255_256delGC)		[]
2309	58	VHL	ENSG00000134086.7	p.N90fs	Protein	None	None	None	None	7428	VHL	N90fs (c.269delA)		[]
2310	58	VHL	ENSG00000134086.7	p.E94_P97del	Protein	None	None	None	None	7428	VHL	E94_P97del (c.281_291del)		[]
2311	58	VHL	ENSG00000134086.7	p.K114fs	Protein	None	None	None	None	7428	VHL	K114fs (c.339_340delAG)		[]
2313	58	VHL	ENSG00000134086.7	p.L118fs	Protein	None	None	None	None	7428	VHL	L118fs (c.349_350insG)		[]
2314	58	VHL	ENSG00000134086.7	p.T124fs	Protein	None	None	None	None	7428	VHL	T124fs (c.370_371insTGCAGGA)		[]
2315	58	VHL	ENSG00000134086.7	p.N131fs	Protein	None	None	None	None	7428	VHL	N131fs (c.389delT)		[]
2316	58	VHL	ENSG00000134086.7	p.S139fs	Protein	None	None	None	None	7428	VHL	S139fs (c.415insC)		[]
2318	58	VHL	ENSG00000134086.7	p.N141_D142del	Protein	None	None	None	None	7428	VHL	N141_D142del (c.422_428del)		[]
2319	58	VHL	ENSG00000134086.7	p.G144fs	Protein	None	None	None	None	7428	VHL	G144fs (c.429_430insGGAC)		[]
2320	58	VHL	ENSG00000134086.7	p.G144fs	Protein	None	None	None	None	7428	VHL	G144fs (c.430_433delGGAC)		[]
2321	58	VHL	ENSG00000134086.7	p.Q145H	Protein	None	None	None	None	7428	VHL	Q145H (c.435G>T)		[]
2322	58	VHL	ENSG00000134086.7	p.I147fs	Protein	None	None	None	None	7428	VHL	I147fs (c.439insT)		[]
2324	58	VHL	ENSG00000134086.7	p.L158_K159del	Protein	None	None	None	None	7428	VHL	L158_K159del (c.472_477del)		[]
2325	58	VHL	ENSG00000134086.7	p.V166fs	Protein	None	None	None	None	7428	VHL	V166fs (c.498delC)		[]
2326	58	VHL	ENSG00000134086.7	p.S168_L169del	Protein	None	None	None	None	7428	VHL	S168_L169del (c.504_509del)		[]
2327	58	VHL	ENSG00000134086.7	p.K171fs	Protein	None	None	None	None	7428	VHL	K171fs (c.512_516delAGCCT)		[]
2328	58	VHL	ENSG00000134086.7	p.H191fs	Protein	None	None	None	None	7428	VHL	H191fs (c.570_574delCCACC)		[]
2331	20	ERBB2	ENSG00000141736.12	p.T798I	Protein	None	None	None	None	2064	ERBB2	T798I		[]
2332	19	EGFR	ENSG00000146648.14	p.A750T	Protein	None	None	None	None	1956	EGFR	A750T		[]
2333	19	EGFR	ENSG00000146648.14	p.R705K	Protein	None	None	None	None	1956	EGFR	R705K		[]
2347	2975	IL7R	ENSG00000168685.13	p.S185C	Protein	None	None	None	None	3575	IL7R	S185C		[]
2348	2975	IL7R	ENSG00000168685.13	p.V253G	Protein	None	None	None	None	3575	IL7R	V253G		[]
2358	4	ABL1	ENSG00000097007.16	p.F311V	Protein	None	None	None	None	25	ABL1	BCR-ABL F311V		[]
2364	15344	PREX2	ENSG00000046889.17	p.R172I	Protein	None	None	None	None	80243	PREX2	R172I		[]
2372	52	MET	ENSG00000105976.13	p.T790M	Protein	None	None	None	None	4233	MET	EGFR T790M		[]
2373	58	VHL	ENSG00000134086.7	p.?	Protein	None	None	None	None	7428	VHL	c.128−?_250+?		[]
2374	58	VHL	ENSG00000134086.7	p.?	Protein	None	None	None	None	7428	VHL	c.251−?_429 +?		[]
2377	4868	RHEB	ENSG00000106615.8	p.Y35N	Protein	None	None	None	None	6009	RHEB	Y35N		[]
2380	58	VHL	ENSG00000134086.7	p.V130I	Protein	None	None	None	None	7428	VHL	V130I (c.388G>A)		[]
2381	58	VHL	ENSG00000134086.7	p.L118P;R107G	Protein	None	None	None	None	7428	VHL	L118P (c.353T>C) / R107G  (c.319C>G)		[]
2383	58	VHL	ENSG00000134086.7	p.Q203TfsX53	Protein	None	None	None	None	7428	VHL	Q203TfsX53 (c.606dupA)		[]
2387	1239	CSF3R	ENSG00000119535.16	p.T618I	Protein	None	None	None	None	1441	CSF3R	T618I		[]
2391	31	MAP2K1	ENSG00000169032.8	p.C121S;G128D	Protein	None	None	None	None	5604	MAP2K1	C121S + G128D		[]
2398	5	BRAF	ENSG00000157764.11	p.D594K	Protein	None	None	None	None	673	BRAF	D594K		[]
2399	23	FGFR3	ENSG00000068078.16	p.V443L	Protein	None	None	None	None	2261	FGFR3	V443L		[]
2400	23	FGFR3	ENSG00000068078.16	p.V443M	Protein	None	None	None	None	2261	FGFR3	V443M		[]
2401	23	FGFR3	ENSG00000068078.16	p.V496V	Protein	None	None	None	None	2261	FGFR3	V496V		[]
2402	23	FGFR3	ENSG00000068078.16	p.V555M	Protein	None	None	None	None	2261	FGFR3	V555M		[]
2403	23	FGFR3	ENSG00000068078.16	p.R248C	Protein	None	None	None	None	2261	FGFR3	R248C		[]
2404	23	FGFR3	ENSG00000068078.16	p.Y373C	Protein	None	None	None	None	2261	FGFR3	Y373C		[]
2405	23	FGFR3	ENSG00000068078.16	p.G380R	Protein	None	None	None	None	2261	FGFR3	G380R		[]
2406	23	FGFR3	ENSG00000068078.16	p.G370C	Protein	None	None	None	None	2261	FGFR3	G370C		[]
2407	23	FGFR3	ENSG00000068078.16	p.F386L	Protein	None	None	None	None	2261	FGFR3	F386L		[]
2416	2537	H3F3A	ENSG00000163041.8	p.K27M	Protein	None	None	None	None	3020	H3F3A	K27M		[]
2420	2538	H3F3B	ENSG00000132475.7	p.K36M	Protein	None	None	None	None	3021	H3F3B	K36M		[]
2421	2537	H3F3A	ENSG00000163041.8	p.G34W	Protein	None	None	None	None	3020	H3F3A	G34W		[]
2423	58	VHL	ENSG00000134086.7	p.F136fs	Protein	None	None	None	None	7428	VHL	F136fs (c.407delC)		[]
2427	58	VHL	ENSG00000134086.7	p.P54S	Protein	None	None	None	None	7428	VHL	P54S (c.460C>T)		[]
2437	58	VHL	ENSG00000134086.7	p.V166A	Protein	None	None	None	None	7428	VHL	V166A (c.497T>C)		[]
2442	58	VHL	ENSG00000134086.7	p.A50A	Protein	None	None	None	None	7428	VHL	A50A (c.150C>G); Splicing alteration (c.463-1G>T)		[]
2443	58	VHL	ENSG00000134086.7	p.Q132Hfs*45	Protein	None	None	None	None	7428	VHL	Q132Hfs*45 (c.343_395dup)		[]
2444	58	VHL	ENSG00000134086.7	p.Q73Pfs*59	Protein	None	None	None	None	7428	VHL	Q73Pfs*59 (c.217dupC)		[]
2445	58	VHL	ENSG00000134086.7	p.V74Sfs*53	Protein	None	None	None	None	7428	VHL	V74Sfs*53 (c.219_232delGGTCATCTTCTGCA)		[]
2447	58	VHL	ENSG00000134086.7	p.V66Gfs*89	Protein	None	None	None	None	7428	VHL	V66Gfs*89 (c.197_209del)		[]
2448	58	VHL	ENSG00000134086.7	p.R79_S80del	Protein	None	None	None	None	7428	VHL	R79_S80del (c.236_241delGCAGTC)		[]
2451	58	VHL	ENSG00000134086.7	p.V141fs	Protein	None	None	None	None	7428	VHL	V141fs (c.422_440del19)		[]
2453	58	VHL	ENSG00000134086.7	p.Y156_T157del	Protein	None	None	None	None	7428	VHL	Y156_T157del (c.465_470del6)		[]
2455	58	VHL	ENSG00000134086.7	p.G114Vfs*45	Protein	None	None	None	None	7428	VHL	G114Vfs*45 (c.339delA)		[]
2459	58	VHL	ENSG00000134086.7	p.L178P	Protein	None	None	None	None	7428	VHL	L178P (c.532C>T)		[]
2467	58	VHL	ENSG00000134086.7	p.L158E	Protein	None	None	None	None	7428	VHL	L158E (c.473T>A)		[]
2468	4517	PRKCB	ENSG00000166501.11	p.D427N	Protein	None	None	None	None	5579	PRKCB	D427N		[]
2469	58	VHL	ENSG00000134086.7	p.R176fs	Protein	None	None	None	None	7428	VHL	R176fs (c.526_528delA)		[]
2470	58	VHL	ENSG00000134086.7	p.W117C	Protein	None	None	None	None	7428	VHL	W117C (c.351G>X)		[]
2471	58	VHL	ENSG00000134086.7	p.T104fs	Protein	None	None	None	None	7428	VHL	T104fs (c.313_315delC)		[]
2473	58	VHL	ENSG00000134086.7	p.M54fs	Protein	None	None	None	None	7428	VHL	M54fs (c.160delA)		[]
2474	58	VHL	ENSG00000134086.7	p.P59fs	Protein	None	None	None	None	7428	VHL	P59fs (c.176insAGCAdelTCCTGCGCT)		[]
2476	58	VHL	ENSG00000134086.7	p.I151N	Protein	None	None	None	None	7428	VHL	I151N (c.452T>A)		[]
2477	58	VHL	ENSG00000134086.7	p.V155fs	Protein	None	None	None	None	7428	VHL	V155fs (c.464_468delTGTAT)		[]
2479	58	VHL	ENSG00000134086.7	p.D197Rfs*	Protein	None	None	None	None	7428	VHL	D197Rfs* (c.588_588dupA)		[]
2481	58	VHL	ENSG00000134086.7	p.I151T	Protein	None	None	None	None	7428	VHL	I151T (c.453T>C)		[]
2482	58	VHL	ENSG00000134086.7	p.A149fs	Protein	None	None	None	None	7428	VHL	A149fs (c.446delG)		[]
2486	58	VHL	ENSG00000134086.7	p.R167fs	Protein	None	None	None	None	7428	VHL	R167fs (c.501insTTGTCCGT)		[]
2487	58	VHL	ENSG00000134086.7	p.I75del	Protein	None	None	None	None	7428	VHL	I75del (c.221delTCA)		[]
2489	58	VHL	ENSG00000134086.7	p.*214C	Protein	ENST00000256474.2	None	75	GRCh37	7428	VHL	*214C (c.641_642insC)	stop_lost	['ENST00000256474.2:c.641_642insC']
2490	58	VHL	ENSG00000134086.7	p.N131S	Protein	None	None	None	None	7428	VHL	N131S (c.392A>G)		[]
2491	58	VHL	ENSG00000134086.7	p.G114V	Protein	None	None	None	None	7428	VHL	G114V (c.341G>T)		[]
2493	58	VHL	ENSG00000134086.7	p.V194G	Protein	None	None	None	None	7428	VHL	V194G (c.581T>G)		[]
2494	58	VHL	ENSG00000134086.7	p.R120T	Protein	None	None	None	None	7428	VHL	R120T (c.359G>C)		[]
2495	58	VHL	ENSG00000134086.7	p.H208fs	Protein	None	None	None	None	7428	VHL	H208fs (c.623insTTTTGTTG)		[]
2496	58	VHL	ENSG00000134086.7	p.P86S	Protein	None	None	None	None	7428	VHL	P86S (c.256C>T); Splicing alteration (c.340 5G>C)		[]
2497	58	VHL	ENSG00000134086.7	p.M54Gfs*77	Protein	None	None	None	None	7428	VHL	M54Gfs*77 (c.160_161delAT)		[]
2498	58	VHL	ENSG00000134086.7	p.L198Wfs*4	Protein	None	None	None	None	7428	VHL	L198Wfs*4 (c.592delC)		[]
2499	58	VHL	ENSG00000134086.7	p.K196fs	Protein	None	None	None	None	7428	VHL	K196fs (c.588insA)		[]
2500	58	VHL	ENSG00000134086.7	p.Y98S	Protein	None	None	None	None	7428	VHL	Y98S (c.293A>C) (Novel)		[]
2506	58	VHL	ENSG00000134086.7	p.L85_E94del	Protein	None	None	None	None	7428	VHL	L85_E94del (c.254_283del30bp)		[]
2508	58	VHL	ENSG00000134086.7	p.L129P	Protein	None	None	None	None	7428	VHL	L129P (c.386T>G)		[]
2509	58	VHL	ENSG00000134086.7	p.V62Efs*71	Protein	None	None	None	None	7428	VHL	V62Efs*71 (c.185_193delTGCTGCGCTinsAGCA)		[]
2514	58	VHL	ENSG00000134086.7	p.D92fs	Protein	None	None	None	None	7428	VHL	D92fs (c.275delAinsCC)		[]
2515	58	VHL	ENSG00000134086.7	p.P97Afs*35	Protein	None	None	None	None	7428	VHL	P97Afs*35 (c.287_288insA)		[]
2524	58	VHL	ENSG00000134086.7	p.E134Dfs*72	Protein	None	None	None	None	7428	VHL	E134Dfs*72 (c.402_428delATTATTTGTGCCATCTCTCAATGTTGA)		[]
2525	58	VHL	ENSG00000134086.7	p.Q145fs	Protein	None	None	None	None	7428	VHL	Q145fs (c.433_437delCAGCC)		[]
2526	58	VHL	ENSG00000134086.7	p.P146Gfs*14	Protein	None	None	None	None	7428	VHL	P146Gfs*14 (c.435_436insGG)		[]
2529	58	VHL	ENSG00000134086.7	p.E189_D190del	Protein	None	None	None	None	7428	VHL	E189_D190del (c.565_570delGAAGAC)		[]
2532	58	VHL	ENSG00000134086.7	p.R82G	Protein	None	None	None	None	7428	VHL	R82G (c.244C>G)		[]
2535	58	VHL	ENSG00000134086.7	p.S65L	Protein	None	None	None	None	7428	VHL	S65L (c.194C>T)		[]
2536	58	VHL	ENSG00000134086.7	p.L101R	Protein	None	None	None	None	7428	VHL	L101R (c.302T>G)		[]
2537	58	VHL	ENSG00000134086.7	p.R108fs	Protein	None	None	None	None	7428	VHL	R108fs (c.323delGC)		[]
2538	58	VHL	ENSG00000134086.7	p.E70K	Protein	None	None	None	None	7428	VHL	E70K (c.208G>A); Splicing alteration (c.340+5G>C)		[]
2539	58	VHL	ENSG00000134086.7	p.V114R	Protein	None	None	None	None	7428	VHL	V114R (c.341T>C)		[]
2540	58	VHL	ENSG00000134086.7	p.H115Q	Protein	None	None	None	None	7428	VHL	H115Q (c.346C>A)		[]
2542	58	VHL	ENSG00000134086.7	p.F190L	Protein	None	None	None	None	7428	VHL	F190L (c.568T>C)		[]
2543	58	VHL	ENSG00000134086.7	p.L198fs	Protein	None	None	None	None	7428	VHL	L198fs (c.592delC)		[]
2545	58	VHL	ENSG00000134086.7	p.M54fs	Protein	None	None	None	None	7428	VHL	M54fs (c.160_175del)		[]
2546	58	VHL	ENSG00000134086.7	p.P61fs	Protein	None	None	None	None	7428	VHL	P61fs Stop at 121(c.180_208del)		[]
2547	58	VHL	ENSG00000134086.7	p.N67fs	Protein	None	None	None	None	7428	VHL	Asn67fs (c.197_213del)		[]
2548	58	VHL	ENSG00000134086.7	p.V84fs	Protein	None	None	None	None	7428	VHL	V84fs (c.249_255del)		[]
2549	58	VHL	ENSG00000134086.7	p.L89R	Protein	ENST00000256474.2	None	75	GRCh37	7428	VHL	L89R(c.266T>G)	missense_variant	['ENST00000256474.2:.266T>G']
2551	58	VHL	ENSG00000134086.7	p.G104fs*158	Protein	None	None	None	None	7428	VHL	G104fs*158 (c.311delC)		[]
2552	58	VHL	ENSG00000134086.7	p.R120fs*158	Protein	None	None	None	None	7428	VHL	R120fs*158 (c.359delG)		[]
2553	58	VHL	ENSG00000134086.7	p.D121_A122del	Protein	None	None	None	None	7428	VHL	D121_A122del (c.361_366del)		[]
2557	58	VHL	ENSG00000134086.7	p.L135fs	Protein	None	None	None	None	7428	VHL	L135fs (c.405delA)		[]
2558	58	VHL	ENSG00000134086.7	p.F137fs	Protein	None	None	None	None	7428	VHL	F137fs (c.408insT)		[]
2568	42	RET	ENSG00000165731.16	p.V804M	Protein	None	None	None	None	5979	RET	V804M		[]
2569	63	EZH2	ENSG00000106462.9	p.Y641F	Protein	None	None	None	None	2146	EZH2	EZH2 Y641F		[]
2573	4685	PTPN11	ENSG00000179295.14	p.D61Y	Protein	None	None	None	None	5781	PTPN11	D61Y		[]
2574	10024	SETBP1	ENSG00000152217.15	p.D868N	Protein	None	None	None	None	26040	SETBP1	D868N		[]
2576	1290	CTNNB1	ENSG00000168036.15	p.G34V	Protein	None	None	None	None	1499	CTNNB1	G34V		[]
2577	4176	PDGFRB	ENSG00000113721.12	p.C843G	Protein	None	None	None	None	5159	PDGFRB	AGGF1-PDGFRB, AGGF1-PDGFRB C843G		[]
2580	58	VHL	ENSG00000134086.7	p.N131T	Protein	None	None	None	None	7428	VHL	N131T (c.392A>C)		[]
2587	28	JAK2	ENSG00000096968.11	p.F694L	Protein	None	None	None	None	3717	JAK2	JAK2 F694L		[]
2592	29	KIT	ENSG00000157404.14	p.K642R	Protein	None	None	None	None	3815	KIT	K642R		[]
2597	9533	DICER1	ENSG00000100697.13	p.Gln301*;Glu1813Gly	Protein	None	None	None	None	23405	DICER1	p.Gln301Ter and p.Glu1813Gly		[]
2599	19	EGFR	ENSG00000146648.14	p.I462K	Protein	None	None	None	None	1956	EGFR	I462K		[]
2600	19	EGFR	ENSG00000146648.14	p.I462R	Protein	None	None	None	None	1956	EGFR	I462R		[]
2601	19	EGFR	ENSG00000146648.14	p.S464L	Protein	None	None	None	None	1956	EGFR	S464L		[]
2602	19	EGFR	ENSG00000146648.14	p.S464T	Protein	None	None	None	None	1956	EGFR	S464T		[]
2603	19	EGFR	ENSG00000146648.14	p.G465E	Protein	None	None	None	None	1956	EGFR	G465E		[]
2604	19	EGFR	ENSG00000146648.14	p.G465V	Protein	None	None	None	None	1956	EGFR	G465V		[]
2605	19	EGFR	ENSG00000146648.14	p.K467N	Protein	None	None	None	None	1956	EGFR	K467N		[]
2606	19	EGFR	ENSG00000146648.14	p.K489Q	Protein	None	None	None	None	1956	EGFR	K489Q		[]
2607	19	EGFR	ENSG00000146648.14	p.K489E	Protein	None	None	None	None	1956	EGFR	K489E		[]
2608	19	EGFR	ENSG00000146648.14	p.I491K	Protein	None	None	None	None	1956	EGFR	I491K		[]
2609	19	EGFR	ENSG00000146648.14	p.I491R	Protein	None	None	None	None	1956	EGFR	I491R		[]
2610	19	EGFR	ENSG00000146648.14	p.S492C	Protein	None	None	None	None	1956	EGFR	S492C		[]
2611	19	EGFR	ENSG00000146648.14	p.V441G	Protein	None	None	None	None	1956	EGFR	V441G		[]
2612	19	EGFR	ENSG00000146648.14	p.V441D	Protein	None	None	None	None	1956	EGFR	V441D		[]
2613	19	EGFR	ENSG00000146648.14	p.V441F	Protein	None	None	None	None	1956	EGFR	V441F		[]
2614	19	EGFR	ENSG00000146648.14	p.S442R	Protein	None	None	None	None	1956	EGFR	S442R		[]
2615	19	EGFR	ENSG00000146648.14	p.S442I	Protein	None	None	None	None	1956	EGFR	S442I		[]
2616	19	EGFR	ENSG00000146648.14	p.F404I	Protein	None	None	None	None	1956	EGFR	F404I		[]
2617	19	EGFR	ENSG00000146648.14	p.F404V	Protein	None	None	None	None	1956	EGFR	F404V		[]
2618	19	EGFR	ENSG00000146648.14	p.T415M	Protein	None	None	None	None	1956	EGFR	T415M		[]
2620	29	KIT	ENSG00000157404.14	p.T417_D419delinsY	Protein			None	None	3815	KIT	T417_D419delinsY		[]
2621	29	KIT	ENSG00000157404.14	p.F506_F508dup	Protein			None	None	3815	KIT	F506_F508DUP		[]
2622	29	KIT	ENSG00000157404.14	p.K484_G487del	Protein			None	None	3815	KIT	K484_G487DEL		[]
2624	45	TP53	ENSG00000141510.14	p.V135A	Protein	None	None	None	None	7157	TP53	V135A		[]
2638	778	CBL	ENSG00000110395.4	p.Y371H	Protein	None	None	None	None	867	CBL	Y371H		[]
2645	6054	KDM6A	ENSG00000147050.13	p.R1213*	Protein	None	None	None	None	7403	KDM6A	R1213*		[]
2646	6	BRCA1	ENSG00000012048.18	p.R71M	Protein	None	None	None	None	672	BRCA1	R71M		[]
2647	12903	FBXW7	ENSG00000109670.12	p.R465H	Protein	None	None	None	None	55294	FBXW7	R465H		[]
2648	45	TP53	ENSG00000141510.14	p.C238Y	Protein	None	None	None	None	7157	TP53	C238Y		[]
2658	20	ERBB2	ENSG00000141736.12	p.A775_G776insYVMA	Protein	None	None	None	None	2064	ERBB2	A775_G776insYVMA		[]
2662	14303	CRLF2	ENSGR0000205755.9	p.Phe232Cys	Protein	None	None	None	None	64109	CRLF2	Phe232Cys		[]
2666	63	EZH2	ENSG00000106462.9	p.Y641S	Protein	None	None	None	None	2146	EZH2	Y641S		[]
2667	3577	MPL	ENSG00000117400.13	p.W515L	Protein	None	None	None	None	4352	MPL	W515L		[]
2673	1719	EPHB2	ENSG00000133216.15	p.Asp679Asn	Protein	None	None	None	None	2048	EPHB2	Single nucleotide variant NM_004442.7(EPHB2):c.2035G>A (p.Asp679Asn)		[]
2675	3628	MSH2	ENSG00000095002.11	p.L173P	Protein	None	None	None	None	4436	MSH2	L173P		[]
2676	1704	EP300	ENSG00000100393.9	p.G1506V	Protein	None	None	None	None	2033	EP300	G1506V		[]
2677	20	ERBB2	ENSG00000141736.12	p.I654V	Protein	None	None	None	None	2064	ERBB2	I654V		[]
2690	3983	NTRK1	ENSG00000198400.10	p.G595R	Protein	None	None	None	None	4914	NTRK1	G595R		[]
2691	3985	NTRK3	ENSG00000140538.15	p.G623R	Protein	None	None	None	None	4916	NTRK3	G623R		[]
2695	29	KIT	ENSG00000157404.14	p.V555_V559del	Protein	None	None	None	None	3815	KIT	V555_V559DEL		[]
2696	29	KIT	ENSG00000157404.14	p.K550_K559del	Protein	None	None	None	None	3815	KIT	K550_K559DEL		[]
2697	4111	PAX5	ENSG00000196092.11	p.P80R	Protein	None	None	None	None	5079	PAX5	P80R		[]
2700	778	CBL	ENSG00000110395.4	p.Q294E	Protein	None	None	None	None	867	CBL	Q294E		[]
2702	778	CBL	ENSG00000110395.4	p.V391I	Protein	None	None	None	None	867	CBL	V391I		[]
2703	778	CBL	ENSG00000110395.4	p.W802*	Protein	None	None	None	None	867	CBL	W802*		[]
2709	37	PIK3CA	ENSG00000121879.3	p.E545*	Protein	None	None	None	None	5290	PIK3CA	E545X		[]
2710	37	PIK3CA	ENSG00000121879.3	p.H1047*	Protein	None	None	None	None	5290	PIK3CA	H1047X		[]
