input	transcript	gene	strand	coordinates(gDNA/cDNA/protein)	region	info
BRAF:p.V600	ENST00000288602 (protein_coding)	BRAF	-	chr7:g.140453135_140453137/c.1798_1800/p.600V	inside_[cds_in_exon_15]	protein_sequence=V;cDNA_sequence=GTG;gDNA_sequence=CAC;aliases=ENSP00000288602;source=Ensembl
BRAF:p.V600	ENST00000288602 (protein_coding)	BRAF	-	chr7:g.140453135_140453137/c.1798_1800/p.600V	inside_[cds_in_exon_15]	protein_sequence=V;cDNA_sequence=GTG;gDNA_sequence=CAC;source=GENCODE
BRAF:p.V600	NM_004333 (protein_coding)	BRAF	-	chr7:g.140453135_140453137/c.1798_1800/p.600V	inside_[cds_in_exon_15]	protein_sequence=V;cDNA_sequence=GTG;gDNA_sequence=CAC;source=UCSCRefGene
BRAF:p.V600	XM_005250047 (protein_coding)	BRAF	-	chr7:g.140453135_140453137/c.1798_1800/p.600V	inside_[cds_in_exon_15]	protein_sequence=V;cDNA_sequence=GTG;gDNA_sequence=CAC;dbxref=GeneID:673,HGNC:1097,MIM:164757;aliases=XP_005250104;source=RefSeq
BRAF:p.V600	XM_005250046 (protein_coding)	BRAF	-	chr7:g.140453135_140453137/c.1798_1800/p.600V	inside_[cds_in_exon_15]	protein_sequence=V;cDNA_sequence=GTG;gDNA_sequence=CAC;dbxref=GeneID:673,HGNC:1097,MIM:164757;aliases=XP_005250103;source=RefSeq
BRAF:p.V600	XM_005250045 (protein_coding)	BRAF	-	chr7:g.140453135_140453137/c.1798_1800/p.600V	inside_[cds_in_exon_15]	protein_sequence=V;cDNA_sequence=GTG;gDNA_sequence=CAC;dbxref=GeneID:673,HGNC:1097,MIM:164757;aliases=XP_005250102;source=RefSeq
BRAF:p.V600	NM_004333 (protein_coding)	BRAF	-	chr7:g.140453135_140453137/c.1798_1800/p.600V	inside_[cds_in_exon_15]	protein_sequence=V;cDNA_sequence=GTG;gDNA_sequence=CAC;dbxref=GeneID:673,HGNC:1097,MIM:164757;aliases=NP_004324;source=RefSeq
BRAF:p.V600	CCDS5863 (protein_coding)	BRAF	-	chr7:g.140453135_140453137/c.1798_1800/p.600V	inside_[cds_in_exon_15]	protein_sequence=V;cDNA_sequence=GTG;gDNA_sequence=CAC;source=CCDS
BRAF:p.V600	BRAF.aAug10 (protein_coding)	BRAF	-	chr7:g.140453135_140453137/c.1798_1800/p.600V	inside_[cds_in_exon_15]	protein_sequence=V;cDNA_sequence=GTG;gDNA_sequence=CAC;source=AceView
DNMT3A:p.R882	ENST00000321117 (protein_coding)	DNMT3A	-	chr2:g.25457241_25457243/c.2644_2646/p.882R	inside_[cds_in_exon_23]	protein_sequence=R;cDNA_sequence=CGC;gDNA_sequence=GCG;aliases=ENSP00000324375;source=Ensembl
DNMT3A:p.R882	ENST00000264709 (protein_coding)	DNMT3A	-	chr2:g.25457241_25457243/c.2644_2646/p.882R	inside_[cds_in_exon_23]	protein_sequence=R;cDNA_sequence=CGC;gDNA_sequence=GCG;aliases=ENSP00000264709;source=Ensembl
DNMT3A:p.R882	ENST00000321117 (protein_coding)	DNMT3A	-	chr2:g.25457241_25457243/c.2644_2646/p.882R	inside_[cds_in_exon_23]	protein_sequence=R;cDNA_sequence=CGC;gDNA_sequence=GCG;source=GENCODE
DNMT3A:p.R882	ENST00000264709 (protein_coding)	DNMT3A	-	chr2:g.25457241_25457243/c.2644_2646/p.882R	inside_[cds_in_exon_23]	protein_sequence=R;cDNA_sequence=CGC;gDNA_sequence=GCG;source=GENCODE
DNMT3A:p.R882	NM_022552 (protein_coding)	DNMT3A	-	chr2:g.25457241_25457243/c.2644_2646/p.882R	inside_[cds_in_exon_23]	protein_sequence=R;cDNA_sequence=CGC;gDNA_sequence=GCG;source=UCSCRefGene
DNMT3A:p.R882	NM_175629 (protein_coding)	DNMT3A	-	chr2:g.25457241_25457243/c.2644_2646/p.882R	inside_[cds_in_exon_23]	protein_sequence=R;cDNA_sequence=CGC;gDNA_sequence=GCG;source=UCSCRefGene
DNMT3A:p.R882	XM_005264176 (protein_coding)	DNMT3A	-	chr2:g.25457241_25457243/c.2644_2646/p.882R	inside_[cds_in_exon_23]	protein_sequence=R;cDNA_sequence=CGC;gDNA_sequence=GCG;dbxref=GeneID:1788,HGNC:2978,HPRD:04141,MIM:602769;aliases=XP_005264233;source=RefSeq
DNMT3A:p.R882	XM_005264175 (protein_coding)	DNMT3A	-	chr2:g.25457241_25457243/c.2644_2646/p.882R	inside_[cds_in_exon_23]	protein_sequence=R;cDNA_sequence=CGC;gDNA_sequence=GCG;dbxref=GeneID:1788,HGNC:2978,HPRD:04141,MIM:602769;aliases=XP_005264232;source=RefSeq
DNMT3A:p.R882	NM_175629 (protein_coding)	DNMT3A	-	chr2:g.25457241_25457243/c.2644_2646/p.882R	inside_[cds_in_exon_23]	protein_sequence=R;cDNA_sequence=CGC;gDNA_sequence=GCG;dbxref=GeneID:1788,HGNC:2978,HPRD:04141,MIM:602769;aliases=NP_783328;source=RefSeq
DNMT3A:p.R882	NM_022552 (protein_coding)	DNMT3A	-	chr2:g.25457241_25457243/c.2644_2646/p.882R	inside_[cds_in_exon_23]	protein_sequence=R;cDNA_sequence=CGC;gDNA_sequence=GCG;dbxref=GeneID:1788,HGNC:2978,HPRD:04141,MIM:602769;aliases=NP_072046;source=RefSeq
DNMT3A:p.R882	CCDS33157 (protein_coding)	DNMT3A	-	chr2:g.25457241_25457243/c.2644_2646/p.882R	inside_[cds_in_exon_22]	protein_sequence=R;cDNA_sequence=CGC;gDNA_sequence=GCG;source=CCDS
DNMT3A:p.R882	DNMT3A.aAug10 (protein_coding)	DNMT3A	-	chr2:g.25457241_25457243/c.2644_2646/p.882R	inside_[cds_in_exon_23]	protein_sequence=R;cDNA_sequence=CGC;gDNA_sequence=GCG;source=AceView
DNMT3A:p.R882	DNMT3A.bAug10 (protein_coding)	DNMT3A	-	chr2:g.25457241_25457243/c.2644_2646/p.882R	inside_[cds_in_exon_23]	protein_sequence=R;cDNA_sequence=CGC;gDNA_sequence=GCG;source=AceView
IDH1:p.R132	ENST00000345146 (protein_coding)	IDH1	-	chr2:g.209113111_209113113/c.394_396/p.132R	inside_[cds_in_exon_4]	protein_sequence=R;cDNA_sequence=CGT;gDNA_sequence=ACG;aliases=ENSP00000260985;source=Ensembl
IDH1:p.R132	ENST00000446179 (protein_coding)	IDH1	-	chr2:g.209113111_209113113/c.394_396/p.132R	inside_[cds_in_exon_4]	protein_sequence=R;cDNA_sequence=CGT;gDNA_sequence=ACG;aliases=ENSP00000410513;source=Ensembl
IDH1:p.R132	ENST00000415913 (protein_coding)	IDH1	-	chr2:g.209113111_209113113/c.394_396/p.132R	inside_[cds_in_exon_4]	protein_sequence=R;cDNA_sequence=CGT;gDNA_sequence=ACG;aliases=ENSP00000390265;source=Ensembl
IDH1:p.R132	ENST00000415282 (protein_coding)	IDH1	-	chr2:g.209113111_209113113/c.394_396/p.132R	inside_[cds_in_exon_3]	protein_sequence=R;cDNA_sequence=CGT;gDNA_sequence=ACG;aliases=ENSP00000391075;source=Ensembl
IDH1:p.R132	ENST00000345146 (protein_coding)	IDH1	-	chr2:g.209113111_209113113/c.394_396/p.132R	inside_[cds_in_exon_4]	protein_sequence=R;cDNA_sequence=CGT;gDNA_sequence=ACG;source=GENCODE
IDH1:p.R132	ENST00000446179 (protein_coding)	IDH1	-	chr2:g.209113111_209113113/c.394_396/p.132R	inside_[cds_in_exon_4]	protein_sequence=R;cDNA_sequence=CGT;gDNA_sequence=ACG;source=GENCODE
IDH1:p.R132	ENST00000415913 (protein_coding)	IDH1	-	chr2:g.209113111_209113113/c.394_396/p.132R	inside_[cds_in_exon_4]	protein_sequence=R;cDNA_sequence=CGT;gDNA_sequence=ACG;source=GENCODE
IDH1:p.R132	ENST00000415282 (protein_coding)	IDH1	-	chr2:g.209113111_209113113/c.394_396/p.132R	inside_[cds_in_exon_3]	protein_sequence=R;cDNA_sequence=CGT;gDNA_sequence=ACG;source=GENCODE
IDH1:p.R132	NM_001282387 (protein_coding)	IDH1	-	chr2:g.209113111_209113113/c.394_396/p.132R	inside_[cds_in_exon_4]	protein_sequence=R;cDNA_sequence=CGT;gDNA_sequence=ACG;source=UCSCRefGene
IDH1:p.R132	NM_001282386 (protein_coding)	IDH1	-	chr2:g.209113111_209113113/c.394_396/p.132R	inside_[cds_in_exon_4]	protein_sequence=R;cDNA_sequence=CGT;gDNA_sequence=ACG;source=UCSCRefGene
IDH1:p.R132	NM_005896 (protein_coding)	IDH1	-	chr2:g.209113111_209113113/c.394_396/p.132R	inside_[cds_in_exon_4]	protein_sequence=R;cDNA_sequence=CGT;gDNA_sequence=ACG;source=UCSCRefGene
IDH1:p.R132	XM_005246521 (protein_coding)	IDH1	-	chr2:g.209113111_209113113/c.394_396/p.132R	inside_[cds_in_exon_5]	protein_sequence=R;cDNA_sequence=CGT;gDNA_sequence=ACG;dbxref=GeneID:3417,HGNC:5382,HPRD:00984,MIM:147700;aliases=XP_005246578;source=RefSeq
IDH1:p.R132	XM_005246522 (protein_coding)	IDH1	-	chr2:g.209113111_209113113/c.394_396/p.132R	inside_[cds_in_exon_4]	protein_sequence=R;cDNA_sequence=CGT;gDNA_sequence=ACG;dbxref=GeneID:3417,HGNC:5382,HPRD:00984,MIM:147700;aliases=XP_005246579;source=RefSeq
IDH1:p.R132	XM_005246523 (protein_coding)	IDH1	-	chr2:g.209113111_209113113/c.394_396/p.132R	inside_[cds_in_exon_4]	protein_sequence=R;cDNA_sequence=CGT;gDNA_sequence=ACG;dbxref=GeneID:3417,HGNC:5382,HPRD:00984,MIM:147700;aliases=XP_005246580;source=RefSeq
IDH1:p.R132	XM_005246524 (protein_coding)	IDH1	-	chr2:g.209113111_209113113/c.394_396/p.132R	inside_[cds_in_exon_2]	protein_sequence=R;cDNA_sequence=CGT;gDNA_sequence=ACG;dbxref=GeneID:3417,HGNC:5382,HPRD:00984,MIM:147700;aliases=XP_005246581;source=RefSeq
IDH1:p.R132	NM_005896 (protein_coding)	IDH1	-	chr2:g.209113111_209113113/c.394_396/p.132R	inside_[cds_in_exon_4]	protein_sequence=R;cDNA_sequence=CGT;gDNA_sequence=ACG;dbxref=GeneID:3417,HGNC:5382,HPRD:00984,MIM:147700;aliases=NP_005887;source=RefSeq
IDH1:p.R132	CCDS2381 (protein_coding)	IDH1	-	chr2:g.209113111_209113113/c.394_396/p.132R	inside_[cds_in_exon_2]	protein_sequence=R;cDNA_sequence=CGT;gDNA_sequence=ACG;source=CCDS
IDH1:p.R132	IDH1.aAug10 (protein_coding)	IDH1	-	chr2:g.209113111_209113113/c.394_396/p.132R	inside_[cds_in_exon_4]	protein_sequence=R;cDNA_sequence=CGT;gDNA_sequence=ACG;source=AceView
IDH1:p.R132	IDH1.bAug10 (protein_coding)	IDH1	-	chr2:g.209113111_209113113/c.394_396/p.132R	inside_[cds_in_exon_4]	protein_sequence=R;cDNA_sequence=CGT;gDNA_sequence=ACG;source=AceView
IDH1:p.R132	IDH1.cAug10 (protein_coding)	IDH1	-	chr2:g.209113111_209113113/c.394_396/p.132R	inside_[cds_in_exon_4]	protein_sequence=R;cDNA_sequence=CGT;gDNA_sequence=ACG;source=AceView
IDH1:p.R132	IDH1.dAug10 (protein_coding)	IDH1	-	chr2:g.209113111_209113113/c.394_396/p.132R	inside_[cds_in_exon_4]	protein_sequence=R;cDNA_sequence=CGT;gDNA_sequence=ACG;source=AceView
IDH1:p.R132	IDH1.fAug10 (protein_coding)	IDH1	-	chr2:g.209113111_209113113/c.394_396/p.132R	inside_[cds_in_exon_3]	protein_sequence=R;cDNA_sequence=CGT;gDNA_sequence=ACG;source=AceView
IDH1:p.R132	IDH1.gAug10 (protein_coding)	IDH1	-	chr2:g.209113111_209113113/c.394_396/p.132R	inside_[cds_in_exon_3]	protein_sequence=R;cDNA_sequence=CGT;gDNA_sequence=ACG;source=AceView
IDH1:p.R132	IDH1.hAug10-unspliced (protein_coding)	IDH1	-	chr2:g.209111385_209111387/c.394_396/p.132R	inside_[cds_in_exon_1]	protein_sequence=R;cDNA_sequence=CGG;gDNA_sequence=CCG;source=AceView
IDH2:p.R140	ENST00000330062 (protein_coding)	IDH2	-	chr15:g.90631933_90631935/c.418_420/p.140R	inside_[cds_in_exon_4]	protein_sequence=R;cDNA_sequence=CGG;gDNA_sequence=CCG;aliases=ENSP00000331897;source=Ensembl
IDH2:p.R140	ENST00000330062 (protein_coding)	IDH2	-	chr15:g.90631933_90631935/c.418_420/p.140R	inside_[cds_in_exon_4]	protein_sequence=R;cDNA_sequence=CGG;gDNA_sequence=CCG;source=GENCODE
IDH2:p.R140	NM_002168 (protein_coding)	IDH2	-	chr15:g.90631933_90631935/c.418_420/p.140R	inside_[cds_in_exon_4]	protein_sequence=R;cDNA_sequence=CGG;gDNA_sequence=CCG;source=UCSCRefGene
IDH2:p.R140	NM_002168 (protein_coding)	IDH2	-	chr15:g.90631933_90631935/c.418_420/p.140R	inside_[cds_in_exon_4]	protein_sequence=R;cDNA_sequence=CGG;gDNA_sequence=CCG;dbxref=GeneID:3418,HGNC:5383,HPRD:00973,MIM:147650;aliases=NP_002159;source=RefSeq
IDH2:p.R140	CCDS10359 (protein_coding)	IDH2	-	chr15:g.90631933_90631935/c.418_420/p.140R	inside_[cds_in_exon_4]	protein_sequence=R;cDNA_sequence=CGG;gDNA_sequence=CCG;source=CCDS
IDH2:p.R140	IDH2.aAug10 (protein_coding)	IDH2	-	chr15:g.90631933_90631935/c.418_420/p.140R	inside_[cds_in_exon_4]	protein_sequence=R;cDNA_sequence=CGG;gDNA_sequence=CCG;source=AceView
KRAS:p.G12	ENST00000311936 (protein_coding)	KRAS	-	chr12:g.25398283_25398285/c.34_36/p.12G	inside_[cds_in_exon_2]	protein_sequence=G;cDNA_sequence=GGT;gDNA_sequence=ACC;aliases=ENSP00000308495;source=Ensembl
KRAS:p.G12	ENST00000557334 (protein_coding)	KRAS	-	chr12:g.25398283_25398285/c.34_36/p.12G	inside_[cds_in_exon_2]	protein_sequence=G;cDNA_sequence=GGT;gDNA_sequence=ACC;aliases=ENSP00000452512;source=Ensembl
KRAS:p.G12	ENST00000256078 (protein_coding)	KRAS	-	chr12:g.25398283_25398285/c.34_36/p.12G	inside_[cds_in_exon_2]	protein_sequence=G;cDNA_sequence=GGT;gDNA_sequence=ACC;aliases=ENSP00000256078;source=Ensembl
KRAS:p.G12	ENST00000556131 (protein_coding)	KRAS	-	chr12:g.25398283_25398285/c.34_36/p.12G	inside_[cds_in_exon_2]	protein_sequence=G;cDNA_sequence=GGT;gDNA_sequence=ACC;aliases=ENSP00000451856;source=Ensembl
KRAS:p.G12	ENST00000311936 (protein_coding)	KRAS	-	chr12:g.25398283_25398285/c.34_36/p.12G	inside_[cds_in_exon_2]	protein_sequence=G;cDNA_sequence=GGT;gDNA_sequence=ACC;source=GENCODE
KRAS:p.G12	ENST00000557334 (protein_coding)	KRAS	-	chr12:g.25398283_25398285/c.34_36/p.12G	inside_[cds_in_exon_2]	protein_sequence=G;cDNA_sequence=GGT;gDNA_sequence=ACC;source=GENCODE
KRAS:p.G12	ENST00000256078 (protein_coding)	KRAS	-	chr12:g.25398283_25398285/c.34_36/p.12G	inside_[cds_in_exon_2]	protein_sequence=G;cDNA_sequence=GGT;gDNA_sequence=ACC;source=GENCODE
KRAS:p.G12	ENST00000556131 (protein_coding)	KRAS	-	chr12:g.25398283_25398285/c.34_36/p.12G	inside_[cds_in_exon_2]	protein_sequence=G;cDNA_sequence=GGT;gDNA_sequence=ACC;source=GENCODE
KRAS:p.G12	NM_033360 (protein_coding)	KRAS	-	chr12:g.25398283_25398285/c.34_36/p.12G	inside_[cds_in_exon_2]	protein_sequence=G;cDNA_sequence=GGT;gDNA_sequence=ACC;source=UCSCRefGene
KRAS:p.G12	NM_004985 (protein_coding)	KRAS	-	chr12:g.25398283_25398285/c.34_36/p.12G	inside_[cds_in_exon_2]	protein_sequence=G;cDNA_sequence=GGT;gDNA_sequence=ACC;source=UCSCRefGene
KRAS:p.G12	NM_004985 (protein_coding)	KRAS	-	chr12:g.25398283_25398285/c.34_36/p.12G	inside_[cds_in_exon_2]	protein_sequence=G;cDNA_sequence=GGT;gDNA_sequence=ACC;dbxref=GeneID:3845,HGNC:6407,HPRD:01817,MIM:190070;aliases=NP_004976;source=RefSeq
KRAS:p.G12	NM_033360 (protein_coding)	KRAS	-	chr12:g.25398283_25398285/c.34_36/p.12G	inside_[cds_in_exon_2]	protein_sequence=G;cDNA_sequence=GGT;gDNA_sequence=ACC;dbxref=GeneID:3845,HGNC:6407,HPRD:01817,MIM:190070;aliases=NP_203524;source=RefSeq
KRAS:p.G12	XM_005253365 (protein_coding)	KRAS	-	chr12:g.25398283_25398285/c.34_36/p.12G	inside_[cds_in_exon_2]	protein_sequence=G;cDNA_sequence=GGT;gDNA_sequence=ACC;dbxref=GeneID:3845,HGNC:6407,HPRD:01817,MIM:190070;aliases=XP_005253422;source=RefSeq
KRAS:p.G12	CCDS8702 (protein_coding)	KRAS	-	chr12:g.25398283_25398285/c.34_36/p.12G	inside_[cds_in_exon_1]	protein_sequence=G;cDNA_sequence=GGT;gDNA_sequence=ACC;source=CCDS
KRAS:p.G12	CCDS8703 (protein_coding)	KRAS	-	chr12:g.25398283_25398285/c.34_36/p.12G	inside_[cds_in_exon_1]	protein_sequence=G;cDNA_sequence=GGT;gDNA_sequence=ACC;source=CCDS
KRAS:p.G12	KRAS.aAug10 (protein_coding)	KRAS	-	chr12:g.25398283_25398285/c.34_36/p.12G	inside_[cds_in_exon_2]	protein_sequence=G;cDNA_sequence=GGT;gDNA_sequence=ACC;source=AceView
KRAS:p.G12	KRAS.bAug10 (protein_coding)	KRAS	-	chr12:g.25398283_25398285/c.34_36/p.12G	inside_[cds_in_exon_2]	protein_sequence=G;cDNA_sequence=GGT;gDNA_sequence=ACC;source=AceView
[wrap_exception] warning: invalid_mutation_string_p.G12/G13						
KRAS:p.G12/G13	.	.	.	././.	.	Error_invalid_mutation_string_p.G12/G13
KRAS:p.G13	ENST00000311936 (protein_coding)	KRAS	-	chr12:g.25398280_25398282/c.37_39/p.13G	inside_[cds_in_exon_2]	protein_sequence=G;cDNA_sequence=GGC;gDNA_sequence=GCC;aliases=ENSP00000308495;source=Ensembl
KRAS:p.G13	ENST00000557334 (protein_coding)	KRAS	-	chr12:g.25398280_25398282/c.37_39/p.13G	inside_[cds_in_exon_2]	protein_sequence=G;cDNA_sequence=GGC;gDNA_sequence=GCC;aliases=ENSP00000452512;source=Ensembl
KRAS:p.G13	ENST00000256078 (protein_coding)	KRAS	-	chr12:g.25398280_25398282/c.37_39/p.13G	inside_[cds_in_exon_2]	protein_sequence=G;cDNA_sequence=GGC;gDNA_sequence=GCC;aliases=ENSP00000256078;source=Ensembl
KRAS:p.G13	ENST00000556131 (protein_coding)	KRAS	-	chr12:g.25398280_25398282/c.37_39/p.13G	inside_[cds_in_exon_2]	protein_sequence=G;cDNA_sequence=GGC;gDNA_sequence=GCC;aliases=ENSP00000451856;source=Ensembl
KRAS:p.G13	ENST00000311936 (protein_coding)	KRAS	-	chr12:g.25398280_25398282/c.37_39/p.13G	inside_[cds_in_exon_2]	protein_sequence=G;cDNA_sequence=GGC;gDNA_sequence=GCC;source=GENCODE
KRAS:p.G13	ENST00000557334 (protein_coding)	KRAS	-	chr12:g.25398280_25398282/c.37_39/p.13G	inside_[cds_in_exon_2]	protein_sequence=G;cDNA_sequence=GGC;gDNA_sequence=GCC;source=GENCODE
KRAS:p.G13	ENST00000256078 (protein_coding)	KRAS	-	chr12:g.25398280_25398282/c.37_39/p.13G	inside_[cds_in_exon_2]	protein_sequence=G;cDNA_sequence=GGC;gDNA_sequence=GCC;source=GENCODE
KRAS:p.G13	ENST00000556131 (protein_coding)	KRAS	-	chr12:g.25398280_25398282/c.37_39/p.13G	inside_[cds_in_exon_2]	protein_sequence=G;cDNA_sequence=GGC;gDNA_sequence=GCC;source=GENCODE
KRAS:p.G13	NM_033360 (protein_coding)	KRAS	-	chr12:g.25398280_25398282/c.37_39/p.13G	inside_[cds_in_exon_2]	protein_sequence=G;cDNA_sequence=GGC;gDNA_sequence=GCC;source=UCSCRefGene
KRAS:p.G13	NM_004985 (protein_coding)	KRAS	-	chr12:g.25398280_25398282/c.37_39/p.13G	inside_[cds_in_exon_2]	protein_sequence=G;cDNA_sequence=GGC;gDNA_sequence=GCC;source=UCSCRefGene
KRAS:p.G13	NM_004985 (protein_coding)	KRAS	-	chr12:g.25398280_25398282/c.37_39/p.13G	inside_[cds_in_exon_2]	protein_sequence=G;cDNA_sequence=GGC;gDNA_sequence=GCC;dbxref=GeneID:3845,HGNC:6407,HPRD:01817,MIM:190070;aliases=NP_004976;source=RefSeq
KRAS:p.G13	NM_033360 (protein_coding)	KRAS	-	chr12:g.25398280_25398282/c.37_39/p.13G	inside_[cds_in_exon_2]	protein_sequence=G;cDNA_sequence=GGC;gDNA_sequence=GCC;dbxref=GeneID:3845,HGNC:6407,HPRD:01817,MIM:190070;aliases=NP_203524;source=RefSeq
KRAS:p.G13	XM_005253365 (protein_coding)	KRAS	-	chr12:g.25398280_25398282/c.37_39/p.13G	inside_[cds_in_exon_2]	protein_sequence=G;cDNA_sequence=GGC;gDNA_sequence=GCC;dbxref=GeneID:3845,HGNC:6407,HPRD:01817,MIM:190070;aliases=XP_005253422;source=RefSeq
KRAS:p.G13	CCDS8702 (protein_coding)	KRAS	-	chr12:g.25398280_25398282/c.37_39/p.13G	inside_[cds_in_exon_1]	protein_sequence=G;cDNA_sequence=GGC;gDNA_sequence=GCC;source=CCDS
KRAS:p.G13	CCDS8703 (protein_coding)	KRAS	-	chr12:g.25398280_25398282/c.37_39/p.13G	inside_[cds_in_exon_1]	protein_sequence=G;cDNA_sequence=GGC;gDNA_sequence=GCC;source=CCDS
KRAS:p.G13	KRAS.aAug10 (protein_coding)	KRAS	-	chr12:g.25398280_25398282/c.37_39/p.13G	inside_[cds_in_exon_2]	protein_sequence=G;cDNA_sequence=GGC;gDNA_sequence=GCC;source=AceView
KRAS:p.G13	KRAS.bAug10 (protein_coding)	KRAS	-	chr12:g.25398280_25398282/c.37_39/p.13G	inside_[cds_in_exon_2]	protein_sequence=G;cDNA_sequence=GGC;gDNA_sequence=GCC;source=AceView
KRAS:p.G13	KRAS.eAug10 (protein_coding)	KRAS	-	chr12:g.25403828_25403830/c.37_39/p.13G	inside_[cds_in_exon_1]	protein_sequence=G;cDNA_sequence=GGC;gDNA_sequence=GCC;source=AceView
NRAS:p.G12	ENST00000369535 (protein_coding)	NRAS	-	chr1:g.115258746_115258748/c.34_36/p.12G	inside_[cds_in_exon_2]	protein_sequence=G;cDNA_sequence=GGT;gDNA_sequence=ACC;aliases=ENSP00000358548;source=Ensembl
NRAS:p.G12	ENST00000369535 (protein_coding)	NRAS	-	chr1:g.115258746_115258748/c.34_36/p.12G	inside_[cds_in_exon_2]	protein_sequence=G;cDNA_sequence=GGT;gDNA_sequence=ACC;source=GENCODE
NRAS:p.G12	NM_002524 (protein_coding)	NRAS	-	chr1:g.115258746_115258748/c.34_36/p.12G	inside_[cds_in_exon_2]	protein_sequence=G;cDNA_sequence=GGT;gDNA_sequence=ACC;source=UCSCRefGene
NRAS:p.G12	NM_002524 (protein_coding)	NRAS	-	chr1:g.115258746_115258748/c.34_36/p.12G	inside_[cds_in_exon_2]	protein_sequence=G;cDNA_sequence=GGT;gDNA_sequence=ACC;dbxref=GeneID:4893,HGNC:7989,HPRD:01273,MIM:164790;aliases=NP_002515;source=RefSeq
NRAS:p.G12	CCDS877 (protein_coding)	NRAS	-	chr1:g.115258746_115258748/c.34_36/p.12G	inside_[cds_in_exon_1]	protein_sequence=G;cDNA_sequence=GGT;gDNA_sequence=ACC;source=CCDS
NRAS:p.Q61	ENST00000369535 (protein_coding)	NRAS	-	chr1:g.115256528_115256530/c.181_183/p.61Q	inside_[cds_in_exon_3]	protein_sequence=Q;cDNA_sequence=CAA;gDNA_sequence=TTG;aliases=ENSP00000358548;source=Ensembl
NRAS:p.Q61	ENST00000369535 (protein_coding)	NRAS	-	chr1:g.115256528_115256530/c.181_183/p.61Q	inside_[cds_in_exon_3]	protein_sequence=Q;cDNA_sequence=CAA;gDNA_sequence=TTG;source=GENCODE
NRAS:p.Q61	NM_002524 (protein_coding)	NRAS	-	chr1:g.115256528_115256530/c.181_183/p.61Q	inside_[cds_in_exon_3]	protein_sequence=Q;cDNA_sequence=CAA;gDNA_sequence=TTG;source=UCSCRefGene
NRAS:p.Q61	NM_002524 (protein_coding)	NRAS	-	chr1:g.115256528_115256530/c.181_183/p.61Q	inside_[cds_in_exon_3]	protein_sequence=Q;cDNA_sequence=CAA;gDNA_sequence=TTG;dbxref=GeneID:4893,HGNC:7989,HPRD:01273,MIM:164790;aliases=NP_002515;source=RefSeq
NRAS:p.Q61	CCDS877 (protein_coding)	NRAS	-	chr1:g.115256528_115256530/c.181_183/p.61Q	inside_[cds_in_exon_2]	protein_sequence=Q;cDNA_sequence=CAA;gDNA_sequence=TTG;source=CCDS
EZH2:p.Y646	ENST00000320356 (protein_coding)	EZH2	-	chr7:g.148508726_148508728/c.1936_1938/p.646Y	inside_[cds_in_exon_16]	protein_sequence=Y;cDNA_sequence=TAC;gDNA_sequence=GTA;aliases=ENSP00000320147;source=Ensembl
EZH2:p.Y646	ENST00000320356 (protein_coding)	EZH2	-	chr7:g.148508726_148508728/c.1936_1938/p.646Y	inside_[cds_in_exon_16]	protein_sequence=Y;cDNA_sequence=TAC;gDNA_sequence=GTA;source=GENCODE
EZH2:p.Y646	NM_004456 (protein_coding)	EZH2	-	chr7:g.148508726_148508728/c.1936_1938/p.646Y	inside_[cds_in_exon_16]	protein_sequence=Y;cDNA_sequence=TAC;gDNA_sequence=GTA;source=UCSCRefGene
EZH2:p.Y646	NM_004456 (protein_coding)	EZH2	-	chr7:g.148508726_148508728/c.1936_1938/p.646Y	inside_[cds_in_exon_16]	protein_sequence=Y;cDNA_sequence=TAC;gDNA_sequence=GTA;dbxref=GeneID:2146,HGNC:3527,HPRD:03342,MIM:601573;aliases=NP_004447;source=RefSeq
EZH2:p.Y646	CCDS5891 (protein_coding)	EZH2	-	chr7:g.148508726_148508728/c.1936_1938/p.646Y	inside_[cds_in_exon_15]	protein_sequence=Y;cDNA_sequence=TAC;gDNA_sequence=GTA;source=CCDS
EZH2:p.Y646	EZH2.bAug10 (protein_coding)	EZH2	-	chr7:g.148508726_148508728/c.1936_1938/p.646Y	inside_[cds_in_exon_16]	protein_sequence=Y;cDNA_sequence=TAC;gDNA_sequence=GTA;source=AceView
AR:p.W742	ENST00000374690 (protein_coding)	AR	+	chrX:g.66937370_66937372/c.2224_2226/p.742W	inside_[cds_in_exon_5]	protein_sequence=W;cDNA_sequence=TGG;gDNA_sequence=TGG;aliases=ENSP00000363822;source=Ensembl
AR:p.W742	ENST00000374690 (protein_coding)	AR	+	chrX:g.66937370_66937372/c.2224_2226/p.742W	inside_[cds_in_exon_5]	protein_sequence=W;cDNA_sequence=TGG;gDNA_sequence=TGG;source=GENCODE
AR:p.W742	NM_000044 (protein_coding)	AR	+	chrX:g.66937370_66937372/c.2224_2226/p.742W	inside_[cds_in_exon_5]	protein_sequence=W;cDNA_sequence=TGG;gDNA_sequence=TGG;source=UCSCRefGene
AR:p.W742	NM_000044 (protein_coding)	AR	+	chrX:g.66937370_66937372/c.2224_2226/p.742W	inside_[cds_in_exon_5]	protein_sequence=W;cDNA_sequence=TGG;gDNA_sequence=TGG;dbxref=GeneID:367,HGNC:644,HPRD:02437,MIM:313700;aliases=NP_000035;source=RefSeq
AR:p.W742	CCDS14387 (protein_coding)	AR	+	chrX:g.66937370_66937372/c.2224_2226/p.742W	inside_[cds_in_exon_5]	protein_sequence=W;cDNA_sequence=TGG;gDNA_sequence=TGG;source=CCDS
AR:p.W742	AR.aAug10 (protein_coding)	AR	+	chrX:g.66937370_66937372/c.2224_2226/p.742W	inside_[cds_in_exon_5]	protein_sequence=W;cDNA_sequence=TGG;gDNA_sequence=TGG;source=AceView
IDH2:p.R172	ENST00000330062 (protein_coding)	IDH2	-	chr15:g.90631837_90631839/c.514_516/p.172R	inside_[cds_in_exon_4]	protein_sequence=R;cDNA_sequence=AGG;gDNA_sequence=CCT;aliases=ENSP00000331897;source=Ensembl
IDH2:p.R172	ENST00000330062 (protein_coding)	IDH2	-	chr15:g.90631837_90631839/c.514_516/p.172R	inside_[cds_in_exon_4]	protein_sequence=R;cDNA_sequence=AGG;gDNA_sequence=CCT;source=GENCODE
IDH2:p.R172	NM_002168 (protein_coding)	IDH2	-	chr15:g.90631837_90631839/c.514_516/p.172R	inside_[cds_in_exon_4]	protein_sequence=R;cDNA_sequence=AGG;gDNA_sequence=CCT;source=UCSCRefGene
IDH2:p.R172	NM_002168 (protein_coding)	IDH2	-	chr15:g.90631837_90631839/c.514_516/p.172R	inside_[cds_in_exon_4]	protein_sequence=R;cDNA_sequence=AGG;gDNA_sequence=CCT;dbxref=GeneID:3418,HGNC:5383,HPRD:00973,MIM:147650;aliases=NP_002159;source=RefSeq
IDH2:p.R172	CCDS10359 (protein_coding)	IDH2	-	chr15:g.90631837_90631839/c.514_516/p.172R	inside_[cds_in_exon_4]	protein_sequence=R;cDNA_sequence=AGG;gDNA_sequence=CCT;source=CCDS
IDH2:p.R172	IDH2.aAug10 (protein_coding)	IDH2	-	chr15:g.90631837_90631839/c.514_516/p.172R	inside_[cds_in_exon_4]	protein_sequence=R;cDNA_sequence=AGG;gDNA_sequence=CCT;source=AceView
KRAS:p.Q61	ENST00000311936 (protein_coding)	KRAS	-	chr12:g.25380275_25380277/c.181_183/p.61Q	inside_[cds_in_exon_3]	protein_sequence=Q;cDNA_sequence=CAA;gDNA_sequence=TTG;aliases=ENSP00000308495;source=Ensembl
KRAS:p.Q61	ENST00000256078 (protein_coding)	KRAS	-	chr12:g.25380275_25380277/c.181_183/p.61Q	inside_[cds_in_exon_3]	protein_sequence=Q;cDNA_sequence=CAA;gDNA_sequence=TTG;aliases=ENSP00000256078;source=Ensembl
KRAS:p.Q61	ENST00000311936 (protein_coding)	KRAS	-	chr12:g.25380275_25380277/c.181_183/p.61Q	inside_[cds_in_exon_3]	protein_sequence=Q;cDNA_sequence=CAA;gDNA_sequence=TTG;source=GENCODE
KRAS:p.Q61	ENST00000256078 (protein_coding)	KRAS	-	chr12:g.25380275_25380277/c.181_183/p.61Q	inside_[cds_in_exon_3]	protein_sequence=Q;cDNA_sequence=CAA;gDNA_sequence=TTG;source=GENCODE
KRAS:p.Q61	NM_033360 (protein_coding)	KRAS	-	chr12:g.25380275_25380277/c.181_183/p.61Q	inside_[cds_in_exon_3]	protein_sequence=Q;cDNA_sequence=CAA;gDNA_sequence=TTG;source=UCSCRefGene
KRAS:p.Q61	NM_004985 (protein_coding)	KRAS	-	chr12:g.25380275_25380277/c.181_183/p.61Q	inside_[cds_in_exon_3]	protein_sequence=Q;cDNA_sequence=CAA;gDNA_sequence=TTG;source=UCSCRefGene
KRAS:p.Q61	NM_004985 (protein_coding)	KRAS	-	chr12:g.25380275_25380277/c.181_183/p.61Q	inside_[cds_in_exon_3]	protein_sequence=Q;cDNA_sequence=CAA;gDNA_sequence=TTG;dbxref=GeneID:3845,HGNC:6407,HPRD:01817,MIM:190070;aliases=NP_004976;source=RefSeq
KRAS:p.Q61	NM_033360 (protein_coding)	KRAS	-	chr12:g.25380275_25380277/c.181_183/p.61Q	inside_[cds_in_exon_3]	protein_sequence=Q;cDNA_sequence=CAA;gDNA_sequence=TTG;dbxref=GeneID:3845,HGNC:6407,HPRD:01817,MIM:190070;aliases=NP_203524;source=RefSeq
KRAS:p.Q61	XM_005253365 (protein_coding)	KRAS	-	chr12:g.25380275_25380277/c.181_183/p.61Q	inside_[cds_in_exon_3]	protein_sequence=Q;cDNA_sequence=CAA;gDNA_sequence=TTG;dbxref=GeneID:3845,HGNC:6407,HPRD:01817,MIM:190070;aliases=XP_005253422;source=RefSeq
KRAS:p.Q61	CCDS8702 (protein_coding)	KRAS	-	chr12:g.25380275_25380277/c.181_183/p.61Q	inside_[cds_in_exon_2]	protein_sequence=Q;cDNA_sequence=CAA;gDNA_sequence=TTG;source=CCDS
KRAS:p.Q61	CCDS8703 (protein_coding)	KRAS	-	chr12:g.25380275_25380277/c.181_183/p.61Q	inside_[cds_in_exon_2]	protein_sequence=Q;cDNA_sequence=CAA;gDNA_sequence=TTG;source=CCDS
KRAS:p.Q61	KRAS.aAug10 (protein_coding)	KRAS	-	chr12:g.25380275_25380277/c.181_183/p.61Q	inside_[cds_in_exon_3]	protein_sequence=Q;cDNA_sequence=CAA;gDNA_sequence=TTG;source=AceView
KRAS:p.Q61	KRAS.bAug10 (protein_coding)	KRAS	-	chr12:g.25380275_25380277/c.181_183/p.61Q	inside_[cds_in_exon_3]	protein_sequence=Q;cDNA_sequence=CAA;gDNA_sequence=TTG;source=AceView
EGFR:p.Y1092	ENST00000275493 (protein_coding)	EGFR	+	chr7:g.55272951_55272953/c.3274_3276/p.1092Y	inside_[cds_in_exon_28]	protein_sequence=Y;cDNA_sequence=TAC;gDNA_sequence=TAC;aliases=ENSP00000275493;source=Ensembl
EGFR:p.Y1092	ENST00000275493 (protein_coding)	EGFR	+	chr7:g.55272951_55272953/c.3274_3276/p.1092Y	inside_[cds_in_exon_28]	protein_sequence=Y;cDNA_sequence=TAC;gDNA_sequence=TAC;source=GENCODE
EGFR:p.Y1092	NM_005228 (protein_coding)	EGFR	+	chr7:g.55272951_55272953/c.3274_3276/p.1092Y	inside_[cds_in_exon_28]	protein_sequence=Y;cDNA_sequence=TAC;gDNA_sequence=TAC;source=UCSCRefGene
EGFR:p.Y1092	NM_005228 (protein_coding)	EGFR	+	chr7:g.55272951_55272953/c.3274_3276/p.1092Y	inside_[cds_in_exon_28]	protein_sequence=Y;cDNA_sequence=TAC;gDNA_sequence=TAC;dbxref=GeneID:1956,HGNC:3236,HPRD:00579,MIM:131550;aliases=NP_005219;source=RefSeq
EGFR:p.Y1092	CCDS5514 (protein_coding)	EGFR	+	chr7:g.55272951_55272953/c.3274_3276/p.1092Y	inside_[cds_in_exon_28]	protein_sequence=Y;cDNA_sequence=TAC;gDNA_sequence=TAC;source=CCDS
EGFR:p.Y1092	EGFR.aAug10 (protein_coding)	EGFR	+	chr7:g.55272951_55272953/c.3274_3276/p.1092Y	inside_[cds_in_exon_28]	protein_sequence=Y;cDNA_sequence=TAC;gDNA_sequence=TAC;source=AceView
[wrap_exception] warning: invalid_mutation_string_p.SS18-SSX1						
SSX1:p.SS18-SSX1	.	.	.	././.	.	Error_invalid_mutation_string_p.SS18-SSX1
[wrap_exception] warning: invalid_mutation_string_p.SS18-SSX2						
SSX2:p.SS18-SSX2	.	.	.	././.	.	Error_invalid_mutation_string_p.SS18-SSX2
[wrap_exception] warning: invalid_mutation_string_p.SS18-SSX4						
SSX4:p.SS18-SSX4	.	.	.	././.	.	Error_invalid_mutation_string_p.SS18-SSX4
[wrap_exception] warning: invalid_mutation_string_p.ZNF198-FGFR1						
FGFR1:p.ZNF198-FGFR1	.	.	.	././.	.	Error_invalid_mutation_string_p.ZNF198-FGFR1
[wrap_exception] warning: invalid_mutation_string_p.UGT1A1*28						
UGT1A1:p.UGT1A1*28	.	.	.	././.	.	Error_invalid_mutation_string_p.UGT1A1*28
[wrap_exception] warning: invalid_mutation_string_p.UGT1A1*60						
UGT1A1:p.UGT1A1*60	.	.	.	././.	.	Error_invalid_mutation_string_p.UGT1A1*60
EGFR:p.S752_I759delSPKANKEI	ENST00000275493 (protein_coding)	EGFR	+	chr7:g.55242484_55242507del24/c.2254_2277del24/p.S752_I759delSPKANKEI	inside_[cds_in_exon_19]	CSQN=InFrameDeletion;left_align_gDNA=g.55242484_55242507del24;unaligned_gDNA=g.55242484_55242507del24;left_align_cDNA=c.2254_2277del24;unalign_cDNA=c.2254_2277del24;left_align_protein=p.S752_I759delSPKANKEI;unalign_protein=p.S752_I759delSPKANKEI;imprecise;aliases=ENSP00000275493;source=Ensembl
EGFR:p.S752_I759delSPKANKEI	ENST00000275493 (protein_coding)	EGFR	+	chr7:g.55242484_55242507del24/c.2254_2277del24/p.S752_I759delSPKANKEI	inside_[cds_in_exon_19]	CSQN=InFrameDeletion;left_align_gDNA=g.55242484_55242507del24;unaligned_gDNA=g.55242484_55242507del24;left_align_cDNA=c.2254_2277del24;unalign_cDNA=c.2254_2277del24;left_align_protein=p.S752_I759delSPKANKEI;unalign_protein=p.S752_I759delSPKANKEI;imprecise;source=GENCODE
EGFR:p.S752_I759delSPKANKEI	NM_005228 (protein_coding)	EGFR	+	chr7:g.55242484_55242507del24/c.2254_2277del24/p.S752_I759delSPKANKEI	inside_[cds_in_exon_19]	CSQN=InFrameDeletion;left_align_gDNA=g.55242484_55242507del24;unaligned_gDNA=g.55242484_55242507del24;left_align_cDNA=c.2254_2277del24;unalign_cDNA=c.2254_2277del24;left_align_protein=p.S752_I759delSPKANKEI;unalign_protein=p.S752_I759delSPKANKEI;imprecise;source=UCSCRefGene
EGFR:p.S752_I759delSPKANKEI	NM_005228 (protein_coding)	EGFR	+	chr7:g.55242484_55242507del24/c.2254_2277del24/p.S752_I759delSPKANKEI	inside_[cds_in_exon_19]	CSQN=InFrameDeletion;left_align_gDNA=g.55242484_55242507del24;unaligned_gDNA=g.55242484_55242507del24;left_align_cDNA=c.2254_2277del24;unalign_cDNA=c.2254_2277del24;left_align_protein=p.S752_I759delSPKANKEI;unalign_protein=p.S752_I759delSPKANKEI;imprecise;dbxref=GeneID:1956,HGNC:3236,HPRD:00579,MIM:131550;aliases=NP_005219;source=RefSeq
EGFR:p.S752_I759delSPKANKEI	CCDS5514 (protein_coding)	EGFR	+	chr7:g.55242484_55242507del24/c.2254_2277del24/p.S752_I759delSPKANKEI	inside_[cds_in_exon_19]	CSQN=InFrameDeletion;left_align_gDNA=g.55242484_55242507del24;unaligned_gDNA=g.55242484_55242507del24;left_align_cDNA=c.2254_2277del24;unalign_cDNA=c.2254_2277del24;left_align_protein=p.S752_I759delSPKANKEI;unalign_protein=p.S752_I759delSPKANKEI;imprecise;source=CCDS
EGFR:p.S752_I759delSPKANKEI	EGFR.aAug10 (protein_coding)	EGFR	+	chr7:g.55242484_55242507del24/c.2254_2277del24/p.S752_I759delSPKANKEI	inside_[cds_in_exon_19]	CSQN=InFrameDeletion;left_align_gDNA=g.55242484_55242507del24;unaligned_gDNA=g.55242484_55242507del24;left_align_cDNA=c.2254_2277del24;unalign_cDNA=c.2254_2277del24;left_align_protein=p.S752_I759delSPKANKEI;unalign_protein=p.S752_I759delSPKANKEI;imprecise;source=AceView
[wrap_exception] warning: invalid_mutation_string_p.V555-P573DELVQWKVVEEINGNNYVYIDP						
KIT:p.V555-P573DELVQWKVVEEINGNNYVYIDP	.	.	.	././.	.	Error_invalid_mutation_string_p.V555-P573DELVQWKVVEEINGNNYVYIDP
KIT:p.W557_K558DELWK	ENST00000288135 (protein_coding)	KIT	+	chr4:g.55593603_55593608/c.1669_1674/p.W557_K558	inside_[cds_in_exon_11]	protein_sequence=WK;cDNA_sequence=TGGAAG;gDNA_sequence=TGGAAG;aliases=ENSP00000288135;source=Ensembl
KIT:p.W557_K558DELWK	ENST00000288135 (protein_coding)	KIT	+	chr4:g.55593603_55593608/c.1669_1674/p.W557_K558	inside_[cds_in_exon_11]	protein_sequence=WK;cDNA_sequence=TGGAAG;gDNA_sequence=TGGAAG;source=GENCODE
KIT:p.W557_K558DELWK	NM_000222 (protein_coding)	KIT	+	chr4:g.55593603_55593608/c.1669_1674/p.W557_K558	inside_[cds_in_exon_11]	protein_sequence=WK;cDNA_sequence=TGGAAG;gDNA_sequence=TGGAAG;source=UCSCRefGene
KIT:p.W557_K558DELWK	NM_000222 (protein_coding)	KIT	+	chr4:g.55593603_55593608/c.1669_1674/p.W557_K558	inside_[cds_in_exon_11]	protein_sequence=WK;cDNA_sequence=TGGAAG;gDNA_sequence=TGGAAG;dbxref=GeneID:3815,HGNC:6342,MIM:164920;aliases=NP_000213;source=RefSeq
KIT:p.W557_K558DELWK	CCDS3496 (protein_coding)	KIT	+	chr4:g.55593603_55593608/c.1669_1674/p.W557_K558	inside_[cds_in_exon_11]	protein_sequence=WK;cDNA_sequence=TGGAAG;gDNA_sequence=TGGAAG;source=CCDS
KIT:p.W557_K558DELWK	KIT.aAug10 (protein_coding)	KIT	+	chr4:g.55593603_55593608/c.1669_1674/p.W557_K558	inside_[cds_in_exon_11]	protein_sequence=WK;cDNA_sequence=TGGAAG;gDNA_sequence=TGGAAG;source=AceView
EGFR:p.E746_A750delELREA	ENST00000275493 (protein_coding)	EGFR	+	chr7:g.55242466_55242480del15/c.2236_2250del15/p.E746_A750delELREA	inside_[cds_in_exon_19]	CSQN=InFrameDeletion;left_align_gDNA=g.55242466_55242480del15;unaligned_gDNA=g.55242466_55242480del15;left_align_cDNA=c.2236_2250del15;unalign_cDNA=c.2236_2250del15;left_align_protein=p.E746_A750delELREA;unalign_protein=p.E746_A750delELREA;imprecise;aliases=ENSP00000275493;source=Ensembl
EGFR:p.E746_A750delELREA	ENST00000275493 (protein_coding)	EGFR	+	chr7:g.55242466_55242480del15/c.2236_2250del15/p.E746_A750delELREA	inside_[cds_in_exon_19]	CSQN=InFrameDeletion;left_align_gDNA=g.55242466_55242480del15;unaligned_gDNA=g.55242466_55242480del15;left_align_cDNA=c.2236_2250del15;unalign_cDNA=c.2236_2250del15;left_align_protein=p.E746_A750delELREA;unalign_protein=p.E746_A750delELREA;imprecise;source=GENCODE
EGFR:p.E746_A750delELREA	NM_005228 (protein_coding)	EGFR	+	chr7:g.55242466_55242480del15/c.2236_2250del15/p.E746_A750delELREA	inside_[cds_in_exon_19]	CSQN=InFrameDeletion;left_align_gDNA=g.55242466_55242480del15;unaligned_gDNA=g.55242466_55242480del15;left_align_cDNA=c.2236_2250del15;unalign_cDNA=c.2236_2250del15;left_align_protein=p.E746_A750delELREA;unalign_protein=p.E746_A750delELREA;imprecise;source=UCSCRefGene
EGFR:p.E746_A750delELREA	NM_005228 (protein_coding)	EGFR	+	chr7:g.55242466_55242480del15/c.2236_2250del15/p.E746_A750delELREA	inside_[cds_in_exon_19]	CSQN=InFrameDeletion;left_align_gDNA=g.55242466_55242480del15;unaligned_gDNA=g.55242466_55242480del15;left_align_cDNA=c.2236_2250del15;unalign_cDNA=c.2236_2250del15;left_align_protein=p.E746_A750delELREA;unalign_protein=p.E746_A750delELREA;imprecise;dbxref=GeneID:1956,HGNC:3236,HPRD:00579,MIM:131550;aliases=NP_005219;source=RefSeq
EGFR:p.E746_A750delELREA	CCDS5514 (protein_coding)	EGFR	+	chr7:g.55242466_55242480del15/c.2236_2250del15/p.E746_A750delELREA	inside_[cds_in_exon_19]	CSQN=InFrameDeletion;left_align_gDNA=g.55242466_55242480del15;unaligned_gDNA=g.55242466_55242480del15;left_align_cDNA=c.2236_2250del15;unalign_cDNA=c.2236_2250del15;left_align_protein=p.E746_A750delELREA;unalign_protein=p.E746_A750delELREA;imprecise;source=CCDS
EGFR:p.E746_A750delELREA	EGFR.aAug10 (protein_coding)	EGFR	+	chr7:g.55242466_55242480del15/c.2236_2250del15/p.E746_A750delELREA	inside_[cds_in_exon_19]	CSQN=InFrameDeletion;left_align_gDNA=g.55242466_55242480del15;unaligned_gDNA=g.55242466_55242480del15;left_align_cDNA=c.2236_2250del15;unalign_cDNA=c.2236_2250del15;left_align_protein=p.E746_A750delELREA;unalign_protein=p.E746_A750delELREA;imprecise;source=AceView
EGFR:p.E746_T751>I	ENST00000275493 (protein_coding)	EGFR	+	chr7:g.55242466_55242483/c.2236_2253/p.E746_T751	inside_[cds_in_exon_19]	protein_sequence=ELREAT;cDNA_sequence=GAA..ACA;gDNA_sequence=GAA..ACA;aliases=ENSP00000275493;source=Ensembl
EGFR:p.E746_T751>I	ENST00000275493 (protein_coding)	EGFR	+	chr7:g.55242466_55242483/c.2236_2253/p.E746_T751	inside_[cds_in_exon_19]	protein_sequence=ELREAT;cDNA_sequence=GAA..ACA;gDNA_sequence=GAA..ACA;source=GENCODE
EGFR:p.E746_T751>I	NM_005228 (protein_coding)	EGFR	+	chr7:g.55242466_55242483/c.2236_2253/p.E746_T751	inside_[cds_in_exon_19]	protein_sequence=ELREAT;cDNA_sequence=GAA..ACA;gDNA_sequence=GAA..ACA;source=UCSCRefGene
EGFR:p.E746_T751>I	NM_005228 (protein_coding)	EGFR	+	chr7:g.55242466_55242483/c.2236_2253/p.E746_T751	inside_[cds_in_exon_19]	protein_sequence=ELREAT;cDNA_sequence=GAA..ACA;gDNA_sequence=GAA..ACA;dbxref=GeneID:1956,HGNC:3236,HPRD:00579,MIM:131550;aliases=NP_005219;source=RefSeq
EGFR:p.E746_T751>I	CCDS5514 (protein_coding)	EGFR	+	chr7:g.55242466_55242483/c.2236_2253/p.E746_T751	inside_[cds_in_exon_19]	protein_sequence=ELREAT;cDNA_sequence=GAA..ACA;gDNA_sequence=GAA..ACA;source=CCDS
EGFR:p.E746_T751>I	EGFR.aAug10 (protein_coding)	EGFR	+	chr7:g.55242466_55242483/c.2236_2253/p.E746_T751	inside_[cds_in_exon_19]	protein_sequence=ELREAT;cDNA_sequence=GAA..ACA;gDNA_sequence=GAA..ACA;source=AceView
EGFR:p.L747_A750>P	ENST00000275493 (protein_coding)	EGFR	+	chr7:g.55242469_55242480/c.2239_2250/p.L747_A750	inside_[cds_in_exon_19]	protein_sequence=LREA;cDNA_sequence=TTA..GCA;gDNA_sequence=TTA..GCA;aliases=ENSP00000275493;source=Ensembl
EGFR:p.L747_A750>P	ENST00000275493 (protein_coding)	EGFR	+	chr7:g.55242469_55242480/c.2239_2250/p.L747_A750	inside_[cds_in_exon_19]	protein_sequence=LREA;cDNA_sequence=TTA..GCA;gDNA_sequence=TTA..GCA;source=GENCODE
EGFR:p.L747_A750>P	NM_005228 (protein_coding)	EGFR	+	chr7:g.55242469_55242480/c.2239_2250/p.L747_A750	inside_[cds_in_exon_19]	protein_sequence=LREA;cDNA_sequence=TTA..GCA;gDNA_sequence=TTA..GCA;source=UCSCRefGene
EGFR:p.L747_A750>P	NM_005228 (protein_coding)	EGFR	+	chr7:g.55242469_55242480/c.2239_2250/p.L747_A750	inside_[cds_in_exon_19]	protein_sequence=LREA;cDNA_sequence=TTA..GCA;gDNA_sequence=TTA..GCA;dbxref=GeneID:1956,HGNC:3236,HPRD:00579,MIM:131550;aliases=NP_005219;source=RefSeq
EGFR:p.L747_A750>P	CCDS5514 (protein_coding)	EGFR	+	chr7:g.55242469_55242480/c.2239_2250/p.L747_A750	inside_[cds_in_exon_19]	protein_sequence=LREA;cDNA_sequence=TTA..GCA;gDNA_sequence=TTA..GCA;source=CCDS
EGFR:p.L747_A750>P	EGFR.aAug10 (protein_coding)	EGFR	+	chr7:g.55242469_55242480/c.2239_2250/p.L747_A750	inside_[cds_in_exon_19]	protein_sequence=LREA;cDNA_sequence=TTA..GCA;gDNA_sequence=TTA..GCA;source=AceView
EGFR:p.L747_T751delLREAT	ENST00000275493 (protein_coding)	EGFR	+	chr7:g.55242470_55242484del15/c.2240_2254del15/p.L747_T751delLREAT	inside_[cds_in_exon_19]	CSQN=InFrameDeletion;left_align_gDNA=g.55242468_55242482del15;unaligned_gDNA=g.55242469_55242483del15;left_align_cDNA=c.2238_2252del15;unalign_cDNA=c.2239_2253del15;left_align_protein=p.L747_T751delLREAT;unalign_protein=p.L747_T751delLREAT;imprecise;aliases=ENSP00000275493;source=Ensembl
EGFR:p.L747_T751delLREAT	ENST00000275493 (protein_coding)	EGFR	+	chr7:g.55242470_55242484del15/c.2240_2254del15/p.L747_T751delLREAT	inside_[cds_in_exon_19]	CSQN=InFrameDeletion;left_align_gDNA=g.55242468_55242482del15;unaligned_gDNA=g.55242469_55242483del15;left_align_cDNA=c.2238_2252del15;unalign_cDNA=c.2239_2253del15;left_align_protein=p.L747_T751delLREAT;unalign_protein=p.L747_T751delLREAT;imprecise;source=GENCODE
EGFR:p.L747_T751delLREAT	NM_005228 (protein_coding)	EGFR	+	chr7:g.55242470_55242484del15/c.2240_2254del15/p.L747_T751delLREAT	inside_[cds_in_exon_19]	CSQN=InFrameDeletion;left_align_gDNA=g.55242468_55242482del15;unaligned_gDNA=g.55242469_55242483del15;left_align_cDNA=c.2238_2252del15;unalign_cDNA=c.2239_2253del15;left_align_protein=p.L747_T751delLREAT;unalign_protein=p.L747_T751delLREAT;imprecise;source=UCSCRefGene
EGFR:p.L747_T751delLREAT	NM_005228 (protein_coding)	EGFR	+	chr7:g.55242470_55242484del15/c.2240_2254del15/p.L747_T751delLREAT	inside_[cds_in_exon_19]	CSQN=InFrameDeletion;left_align_gDNA=g.55242468_55242482del15;unaligned_gDNA=g.55242469_55242483del15;left_align_cDNA=c.2238_2252del15;unalign_cDNA=c.2239_2253del15;left_align_protein=p.L747_T751delLREAT;unalign_protein=p.L747_T751delLREAT;imprecise;dbxref=GeneID:1956,HGNC:3236,HPRD:00579,MIM:131550;aliases=NP_005219;source=RefSeq
EGFR:p.L747_T751delLREAT	CCDS5514 (protein_coding)	EGFR	+	chr7:g.55242470_55242484del15/c.2240_2254del15/p.L747_T751delLREAT	inside_[cds_in_exon_19]	CSQN=InFrameDeletion;left_align_gDNA=g.55242468_55242482del15;unaligned_gDNA=g.55242469_55242483del15;left_align_cDNA=c.2238_2252del15;unalign_cDNA=c.2239_2253del15;left_align_protein=p.L747_T751delLREAT;unalign_protein=p.L747_T751delLREAT;imprecise;source=CCDS
EGFR:p.L747_T751delLREAT	EGFR.aAug10 (protein_coding)	EGFR	+	chr7:g.55242470_55242484del15/c.2240_2254del15/p.L747_T751delLREAT	inside_[cds_in_exon_19]	CSQN=InFrameDeletion;left_align_gDNA=g.55242468_55242482del15;unaligned_gDNA=g.55242469_55242483del15;left_align_cDNA=c.2238_2252del15;unalign_cDNA=c.2239_2253del15;left_align_protein=p.L747_T751delLREAT;unalign_protein=p.L747_T751delLREAT;imprecise;source=AceView
EGFR:p.L747_T751>Q	ENST00000275493 (protein_coding)	EGFR	+	chr7:g.55242469_55242483/c.2239_2253/p.L747_T751	inside_[cds_in_exon_19]	protein_sequence=LREAT;cDNA_sequence=TTA..ACA;gDNA_sequence=TTA..ACA;aliases=ENSP00000275493;source=Ensembl
EGFR:p.L747_T751>Q	ENST00000275493 (protein_coding)	EGFR	+	chr7:g.55242469_55242483/c.2239_2253/p.L747_T751	inside_[cds_in_exon_19]	protein_sequence=LREAT;cDNA_sequence=TTA..ACA;gDNA_sequence=TTA..ACA;source=GENCODE
EGFR:p.L747_T751>Q	NM_005228 (protein_coding)	EGFR	+	chr7:g.55242469_55242483/c.2239_2253/p.L747_T751	inside_[cds_in_exon_19]	protein_sequence=LREAT;cDNA_sequence=TTA..ACA;gDNA_sequence=TTA..ACA;source=UCSCRefGene
EGFR:p.L747_T751>Q	NM_005228 (protein_coding)	EGFR	+	chr7:g.55242469_55242483/c.2239_2253/p.L747_T751	inside_[cds_in_exon_19]	protein_sequence=LREAT;cDNA_sequence=TTA..ACA;gDNA_sequence=TTA..ACA;dbxref=GeneID:1956,HGNC:3236,HPRD:00579,MIM:131550;aliases=NP_005219;source=RefSeq
EGFR:p.L747_T751>Q	CCDS5514 (protein_coding)	EGFR	+	chr7:g.55242469_55242483/c.2239_2253/p.L747_T751	inside_[cds_in_exon_19]	protein_sequence=LREAT;cDNA_sequence=TTA..ACA;gDNA_sequence=TTA..ACA;source=CCDS
EGFR:p.L747_T751>Q	EGFR.aAug10 (protein_coding)	EGFR	+	chr7:g.55242469_55242483/c.2239_2253/p.L747_T751	inside_[cds_in_exon_19]	protein_sequence=LREAT;cDNA_sequence=TTA..ACA;gDNA_sequence=TTA..ACA;source=AceView
EGFR:p.E746_S752>D	ENST00000275493 (protein_coding)	EGFR	+	chr7:g.55242466_55242486/c.2236_2256/p.E746_S752	inside_[cds_in_exon_19]	protein_sequence=ELREATS;cDNA_sequence=GAA..TCT;gDNA_sequence=GAA..TCT;aliases=ENSP00000275493;source=Ensembl
EGFR:p.E746_S752>D	ENST00000275493 (protein_coding)	EGFR	+	chr7:g.55242466_55242486/c.2236_2256/p.E746_S752	inside_[cds_in_exon_19]	protein_sequence=ELREATS;cDNA_sequence=GAA..TCT;gDNA_sequence=GAA..TCT;source=GENCODE
EGFR:p.E746_S752>D	NM_005228 (protein_coding)	EGFR	+	chr7:g.55242466_55242486/c.2236_2256/p.E746_S752	inside_[cds_in_exon_19]	protein_sequence=ELREATS;cDNA_sequence=GAA..TCT;gDNA_sequence=GAA..TCT;source=UCSCRefGene
EGFR:p.E746_S752>D	NM_005228 (protein_coding)	EGFR	+	chr7:g.55242466_55242486/c.2236_2256/p.E746_S752	inside_[cds_in_exon_19]	protein_sequence=ELREATS;cDNA_sequence=GAA..TCT;gDNA_sequence=GAA..TCT;dbxref=GeneID:1956,HGNC:3236,HPRD:00579,MIM:131550;aliases=NP_005219;source=RefSeq
EGFR:p.E746_S752>D	CCDS5514 (protein_coding)	EGFR	+	chr7:g.55242466_55242486/c.2236_2256/p.E746_S752	inside_[cds_in_exon_19]	protein_sequence=ELREATS;cDNA_sequence=GAA..TCT;gDNA_sequence=GAA..TCT;source=CCDS
EGFR:p.E746_S752>D	EGFR.aAug10 (protein_coding)	EGFR	+	chr7:g.55242466_55242486/c.2236_2256/p.E746_S752	inside_[cds_in_exon_19]	protein_sequence=ELREATS;cDNA_sequence=GAA..TCT;gDNA_sequence=GAA..TCT;source=AceView
EGFR:p.L747_T751>P	ENST00000275493 (protein_coding)	EGFR	+	chr7:g.55242469_55242483/c.2239_2253/p.L747_T751	inside_[cds_in_exon_19]	protein_sequence=LREAT;cDNA_sequence=TTA..ACA;gDNA_sequence=TTA..ACA;aliases=ENSP00000275493;source=Ensembl
EGFR:p.L747_T751>P	ENST00000275493 (protein_coding)	EGFR	+	chr7:g.55242469_55242483/c.2239_2253/p.L747_T751	inside_[cds_in_exon_19]	protein_sequence=LREAT;cDNA_sequence=TTA..ACA;gDNA_sequence=TTA..ACA;source=GENCODE
EGFR:p.L747_T751>P	NM_005228 (protein_coding)	EGFR	+	chr7:g.55242469_55242483/c.2239_2253/p.L747_T751	inside_[cds_in_exon_19]	protein_sequence=LREAT;cDNA_sequence=TTA..ACA;gDNA_sequence=TTA..ACA;source=UCSCRefGene
EGFR:p.L747_T751>P	NM_005228 (protein_coding)	EGFR	+	chr7:g.55242469_55242483/c.2239_2253/p.L747_T751	inside_[cds_in_exon_19]	protein_sequence=LREAT;cDNA_sequence=TTA..ACA;gDNA_sequence=TTA..ACA;dbxref=GeneID:1956,HGNC:3236,HPRD:00579,MIM:131550;aliases=NP_005219;source=RefSeq
EGFR:p.L747_T751>P	CCDS5514 (protein_coding)	EGFR	+	chr7:g.55242469_55242483/c.2239_2253/p.L747_T751	inside_[cds_in_exon_19]	protein_sequence=LREAT;cDNA_sequence=TTA..ACA;gDNA_sequence=TTA..ACA;source=CCDS
EGFR:p.L747_T751>P	EGFR.aAug10 (protein_coding)	EGFR	+	chr7:g.55242469_55242483/c.2239_2253/p.L747_T751	inside_[cds_in_exon_19]	protein_sequence=LREAT;cDNA_sequence=TTA..ACA;gDNA_sequence=TTA..ACA;source=AceView
EGFR:p.L747_P753>Q	ENST00000275493 (protein_coding)	EGFR	+	chr7:g.55242469_55242489/c.2239_2259/p.L747_P753	inside_[cds_in_exon_19]	protein_sequence=LREATSP;cDNA_sequence=TTA..CCG;gDNA_sequence=TTA..CCG;aliases=ENSP00000275493;source=Ensembl
EGFR:p.L747_P753>Q	ENST00000275493 (protein_coding)	EGFR	+	chr7:g.55242469_55242489/c.2239_2259/p.L747_P753	inside_[cds_in_exon_19]	protein_sequence=LREATSP;cDNA_sequence=TTA..CCG;gDNA_sequence=TTA..CCG;source=GENCODE
EGFR:p.L747_P753>Q	NM_005228 (protein_coding)	EGFR	+	chr7:g.55242469_55242489/c.2239_2259/p.L747_P753	inside_[cds_in_exon_19]	protein_sequence=LREATSP;cDNA_sequence=TTA..CCG;gDNA_sequence=TTA..CCG;source=UCSCRefGene
EGFR:p.L747_P753>Q	NM_005228 (protein_coding)	EGFR	+	chr7:g.55242469_55242489/c.2239_2259/p.L747_P753	inside_[cds_in_exon_19]	protein_sequence=LREATSP;cDNA_sequence=TTA..CCG;gDNA_sequence=TTA..CCG;dbxref=GeneID:1956,HGNC:3236,HPRD:00579,MIM:131550;aliases=NP_005219;source=RefSeq
EGFR:p.L747_P753>Q	CCDS5514 (protein_coding)	EGFR	+	chr7:g.55242469_55242489/c.2239_2259/p.L747_P753	inside_[cds_in_exon_19]	protein_sequence=LREATSP;cDNA_sequence=TTA..CCG;gDNA_sequence=TTA..CCG;source=CCDS
EGFR:p.L747_P753>Q	EGFR.aAug10 (protein_coding)	EGFR	+	chr7:g.55242469_55242489/c.2239_2259/p.L747_P753	inside_[cds_in_exon_19]	protein_sequence=LREATSP;cDNA_sequence=TTA..CCG;gDNA_sequence=TTA..CCG;source=AceView
EGFR:p.E746_S752>A	ENST00000275493 (protein_coding)	EGFR	+	chr7:g.55242466_55242486/c.2236_2256/p.E746_S752	inside_[cds_in_exon_19]	protein_sequence=ELREATS;cDNA_sequence=GAA..TCT;gDNA_sequence=GAA..TCT;aliases=ENSP00000275493;source=Ensembl
EGFR:p.E746_S752>A	ENST00000275493 (protein_coding)	EGFR	+	chr7:g.55242466_55242486/c.2236_2256/p.E746_S752	inside_[cds_in_exon_19]	protein_sequence=ELREATS;cDNA_sequence=GAA..TCT;gDNA_sequence=GAA..TCT;source=GENCODE
EGFR:p.E746_S752>A	NM_005228 (protein_coding)	EGFR	+	chr7:g.55242466_55242486/c.2236_2256/p.E746_S752	inside_[cds_in_exon_19]	protein_sequence=ELREATS;cDNA_sequence=GAA..TCT;gDNA_sequence=GAA..TCT;source=UCSCRefGene
EGFR:p.E746_S752>A	NM_005228 (protein_coding)	EGFR	+	chr7:g.55242466_55242486/c.2236_2256/p.E746_S752	inside_[cds_in_exon_19]	protein_sequence=ELREATS;cDNA_sequence=GAA..TCT;gDNA_sequence=GAA..TCT;dbxref=GeneID:1956,HGNC:3236,HPRD:00579,MIM:131550;aliases=NP_005219;source=RefSeq
EGFR:p.E746_S752>A	CCDS5514 (protein_coding)	EGFR	+	chr7:g.55242466_55242486/c.2236_2256/p.E746_S752	inside_[cds_in_exon_19]	protein_sequence=ELREATS;cDNA_sequence=GAA..TCT;gDNA_sequence=GAA..TCT;source=CCDS
EGFR:p.E746_S752>A	EGFR.aAug10 (protein_coding)	EGFR	+	chr7:g.55242466_55242486/c.2236_2256/p.E746_S752	inside_[cds_in_exon_19]	protein_sequence=ELREATS;cDNA_sequence=GAA..TCT;gDNA_sequence=GAA..TCT;source=AceView
KIT:p.P551_E554DELPMYE	ENST00000288135 (protein_coding)	KIT	+	chr4:g.55593585_55593596/c.1651_1662/p.P551_E554	inside_[cds_in_exon_11]	protein_sequence=PMYE;cDNA_sequence=CCC..GAA;gDNA_sequence=CCC..GAA;aliases=ENSP00000288135;source=Ensembl
KIT:p.P551_E554DELPMYE	ENST00000288135 (protein_coding)	KIT	+	chr4:g.55593585_55593596/c.1651_1662/p.P551_E554	inside_[cds_in_exon_11]	protein_sequence=PMYE;cDNA_sequence=CCC..GAA;gDNA_sequence=CCC..GAA;source=GENCODE
KIT:p.P551_E554DELPMYE	NM_000222 (protein_coding)	KIT	+	chr4:g.55593585_55593596/c.1651_1662/p.P551_E554	inside_[cds_in_exon_11]	protein_sequence=PMYE;cDNA_sequence=CCC..GAA;gDNA_sequence=CCC..GAA;source=UCSCRefGene
KIT:p.P551_E554DELPMYE	NM_000222 (protein_coding)	KIT	+	chr4:g.55593585_55593596/c.1651_1662/p.P551_E554	inside_[cds_in_exon_11]	protein_sequence=PMYE;cDNA_sequence=CCC..GAA;gDNA_sequence=CCC..GAA;dbxref=GeneID:3815,HGNC:6342,MIM:164920;aliases=NP_000213;source=RefSeq
KIT:p.P551_E554DELPMYE	CCDS3496 (protein_coding)	KIT	+	chr4:g.55593585_55593596/c.1651_1662/p.P551_E554	inside_[cds_in_exon_11]	protein_sequence=PMYE;cDNA_sequence=CCC..GAA;gDNA_sequence=CCC..GAA;source=CCDS
KIT:p.P551_E554DELPMYE	KIT.aAug10 (protein_coding)	KIT	+	chr4:g.55593585_55593596/c.1651_1662/p.P551_E554	inside_[cds_in_exon_11]	protein_sequence=PMYE;cDNA_sequence=CCC..GAA;gDNA_sequence=CCC..GAA;source=AceView
PDGFRA:p.DIM842_844DEL	.	.	.	././.	.	no_valid_transcript_found
PDGFRA:p.DIM842_844DEL	.	.	.	././.	.	no_valid_transcript_found
PDGFRA:p.DIM842_844DEL	.	.	.	././.	.	no_valid_transcript_found
PDGFRA:p.DIM842_844DEL	.	.	.	././.	.	no_valid_transcript_found
PDGFRA:p.DIM842_844DEL	.	.	.	././.	.	no_valid_transcript_found
PDGFRA:p.DIM842_844DEL	.	.	.	././.	.	no_valid_transcript_found
PDGFRA:p.W559_R560DELWR	ENST00000257290 (protein_coding)	PDGFRA	+	chr4:g.55141029_55141034/c.1675_1680/p.W559_R560	inside_[cds_in_exon_12]	protein_sequence=WR;cDNA_sequence=TGGAGG;gDNA_sequence=TGGAGG;aliases=ENSP00000257290;source=Ensembl
PDGFRA:p.W559_R560DELWR	ENST00000257290 (protein_coding)	PDGFRA	+	chr4:g.55141029_55141034/c.1675_1680/p.W559_R560	inside_[cds_in_exon_12]	protein_sequence=WR;cDNA_sequence=TGGAGG;gDNA_sequence=TGGAGG;source=GENCODE
PDGFRA:p.W559_R560DELWR	NM_006206 (protein_coding)	PDGFRA	+	chr4:g.55141029_55141034/c.1675_1680/p.W559_R560	inside_[cds_in_exon_12]	protein_sequence=WR;cDNA_sequence=TGGAGG;gDNA_sequence=TGGAGG;source=UCSCRefGene
PDGFRA:p.W559_R560DELWR	NM_006206 (protein_coding)	PDGFRA	+	chr4:g.55141029_55141034/c.1675_1680/p.W559_R560	inside_[cds_in_exon_12]	protein_sequence=WR;cDNA_sequence=TGGAGG;gDNA_sequence=TGGAGG;dbxref=GeneID:5156,HGNC:8803,HPRD:01429,MIM:173490;aliases=NP_006197;source=RefSeq
PDGFRA:p.W559_R560DELWR	XM_005265744 (protein_coding)	PDGFRA	+	chr4:g.55141029_55141034/c.1675_1680/p.W559_R560	inside_[cds_in_exon_12]	protein_sequence=WR;cDNA_sequence=TGGAGG;gDNA_sequence=TGGAGG;dbxref=GeneID:5156,HGNC:8803,HPRD:01429,MIM:173490;aliases=XP_005265801;source=RefSeq
PDGFRA:p.W559_R560DELWR	XM_005265743 (protein_coding)	PDGFRA	+	chr4:g.55141029_55141034/c.1675_1680/p.W559_R560	inside_[cds_in_exon_12]	protein_sequence=WR;cDNA_sequence=TGGAGG;gDNA_sequence=TGGAGG;dbxref=GeneID:5156,HGNC:8803,HPRD:01429,MIM:173490;aliases=XP_005265800;source=RefSeq
PDGFRA:p.W559_R560DELWR	CCDS3495 (protein_coding)	PDGFRA	+	chr4:g.55141029_55141034/c.1675_1680/p.W559_R560	inside_[cds_in_exon_11]	protein_sequence=WR;cDNA_sequence=TGGAGG;gDNA_sequence=TGGAGG;source=CCDS
PDGFRA:p.W559_R560DELWR	PDGFRA.aAug10 (protein_coding)	PDGFRA	+	chr4:g.55141029_55141034/c.1675_1680/p.W559_R560	inside_[cds_in_exon_12]	protein_sequence=WR;cDNA_sequence=TGGAGG;gDNA_sequence=TGGAGG;source=AceView
KIT:p.Y553_W557DELYEVQW	ENST00000288135 (protein_coding)	KIT	+	chr4:g.55593591_55593605/c.1657_1671/p.Y553_W557	inside_[cds_in_exon_11]	protein_sequence=YEVQW;cDNA_sequence=TAT..TGG;gDNA_sequence=TAT..TGG;aliases=ENSP00000288135;source=Ensembl
KIT:p.Y553_W557DELYEVQW	ENST00000288135 (protein_coding)	KIT	+	chr4:g.55593591_55593605/c.1657_1671/p.Y553_W557	inside_[cds_in_exon_11]	protein_sequence=YEVQW;cDNA_sequence=TAT..TGG;gDNA_sequence=TAT..TGG;source=GENCODE
KIT:p.Y553_W557DELYEVQW	NM_000222 (protein_coding)	KIT	+	chr4:g.55593591_55593605/c.1657_1671/p.Y553_W557	inside_[cds_in_exon_11]	protein_sequence=YEVQW;cDNA_sequence=TAT..TGG;gDNA_sequence=TAT..TGG;source=UCSCRefGene
KIT:p.Y553_W557DELYEVQW	NM_000222 (protein_coding)	KIT	+	chr4:g.55593591_55593605/c.1657_1671/p.Y553_W557	inside_[cds_in_exon_11]	protein_sequence=YEVQW;cDNA_sequence=TAT..TGG;gDNA_sequence=TAT..TGG;dbxref=GeneID:3815,HGNC:6342,MIM:164920;aliases=NP_000213;source=RefSeq
KIT:p.Y553_W557DELYEVQW	CCDS3496 (protein_coding)	KIT	+	chr4:g.55593591_55593605/c.1657_1671/p.Y553_W557	inside_[cds_in_exon_11]	protein_sequence=YEVQW;cDNA_sequence=TAT..TGG;gDNA_sequence=TAT..TGG;source=CCDS
KIT:p.Y553_W557DELYEVQW	KIT.aAug10 (protein_coding)	KIT	+	chr4:g.55593591_55593605/c.1657_1671/p.Y553_W557	inside_[cds_in_exon_11]	protein_sequence=YEVQW;cDNA_sequence=TAT..TGG;gDNA_sequence=TAT..TGG;source=AceView
[wrap_exception] warning: invalid_mutation_string_p.E611_F612INS25						
FLT3:p.E611_F612INS25	.	.	.	././.	.	Error_invalid_mutation_string_p.E611_F612INS25
KIT:p.K550_W557DELKPMYEVQW	ENST00000288135 (protein_coding)	KIT	+	chr4:g.55593582_55593605/c.1648_1671/p.K550_W557	inside_[cds_in_exon_11]	protein_sequence=KPMYEVQW;cDNA_sequence=AAA..TGG;gDNA_sequence=AAA..TGG;aliases=ENSP00000288135;source=Ensembl
KIT:p.K550_W557DELKPMYEVQW	ENST00000288135 (protein_coding)	KIT	+	chr4:g.55593582_55593605/c.1648_1671/p.K550_W557	inside_[cds_in_exon_11]	protein_sequence=KPMYEVQW;cDNA_sequence=AAA..TGG;gDNA_sequence=AAA..TGG;source=GENCODE
KIT:p.K550_W557DELKPMYEVQW	NM_000222 (protein_coding)	KIT	+	chr4:g.55593582_55593605/c.1648_1671/p.K550_W557	inside_[cds_in_exon_11]	protein_sequence=KPMYEVQW;cDNA_sequence=AAA..TGG;gDNA_sequence=AAA..TGG;source=UCSCRefGene
KIT:p.K550_W557DELKPMYEVQW	NM_000222 (protein_coding)	KIT	+	chr4:g.55593582_55593605/c.1648_1671/p.K550_W557	inside_[cds_in_exon_11]	protein_sequence=KPMYEVQW;cDNA_sequence=AAA..TGG;gDNA_sequence=AAA..TGG;dbxref=GeneID:3815,HGNC:6342,MIM:164920;aliases=NP_000213;source=RefSeq
KIT:p.K550_W557DELKPMYEVQW	CCDS3496 (protein_coding)	KIT	+	chr4:g.55593582_55593605/c.1648_1671/p.K550_W557	inside_[cds_in_exon_11]	protein_sequence=KPMYEVQW;cDNA_sequence=AAA..TGG;gDNA_sequence=AAA..TGG;source=CCDS
KIT:p.K550_W557DELKPMYEVQW	KIT.aAug10 (protein_coding)	KIT	+	chr4:g.55593582_55593605/c.1648_1671/p.K550_W557	inside_[cds_in_exon_11]	protein_sequence=KPMYEVQW;cDNA_sequence=AAA..TGG;gDNA_sequence=AAA..TGG;source=AceView
KIT:p.T417_D419DELTYDINSI	ENST00000412167 (protein_coding)	KIT	+	chr4:g.55589767_55589775/c.1249_1257/p.T417_D419	inside_[cds_in_exon_8]	protein_sequence=TYD;cDNA_sequence=ACTTACGAC;gDNA_sequence=ACTTACGAC;aliases=ENSP00000390987;source=Ensembl
KIT:p.T417_D419DELTYDINSI	ENST00000288135 (protein_coding)	KIT	+	chr4:g.55589767_55589775/c.1249_1257/p.T417_D419	inside_[cds_in_exon_8]	protein_sequence=TYD;cDNA_sequence=ACTTACGAC;gDNA_sequence=ACTTACGAC;aliases=ENSP00000288135;source=Ensembl
KIT:p.T417_D419DELTYDINSI	ENST00000412167 (protein_coding)	KIT	+	chr4:g.55589767_55589775/c.1249_1257/p.T417_D419	inside_[cds_in_exon_8]	protein_sequence=TYD;cDNA_sequence=ACTTACGAC;gDNA_sequence=ACTTACGAC;source=GENCODE
KIT:p.T417_D419DELTYDINSI	ENST00000288135 (protein_coding)	KIT	+	chr4:g.55589767_55589775/c.1249_1257/p.T417_D419	inside_[cds_in_exon_8]	protein_sequence=TYD;cDNA_sequence=ACTTACGAC;gDNA_sequence=ACTTACGAC;source=GENCODE
KIT:p.T417_D419DELTYDINSI	NM_000222 (protein_coding)	KIT	+	chr4:g.55589767_55589775/c.1249_1257/p.T417_D419	inside_[cds_in_exon_8]	protein_sequence=TYD;cDNA_sequence=ACTTACGAC;gDNA_sequence=ACTTACGAC;source=UCSCRefGene
KIT:p.T417_D419DELTYDINSI	NM_001093772 (protein_coding)	KIT	+	chr4:g.55589767_55589775/c.1249_1257/p.T417_D419	inside_[cds_in_exon_8]	protein_sequence=TYD;cDNA_sequence=ACTTACGAC;gDNA_sequence=ACTTACGAC;source=UCSCRefGene
KIT:p.T417_D419DELTYDINSI	NM_000222 (protein_coding)	KIT	+	chr4:g.55589767_55589775/c.1249_1257/p.T417_D419	inside_[cds_in_exon_8]	protein_sequence=TYD;cDNA_sequence=ACTTACGAC;gDNA_sequence=ACTTACGAC;dbxref=GeneID:3815,HGNC:6342,MIM:164920;aliases=NP_000213;source=RefSeq
KIT:p.T417_D419DELTYDINSI	NM_001093772 (protein_coding)	KIT	+	chr4:g.55589767_55589775/c.1249_1257/p.T417_D419	inside_[cds_in_exon_8]	protein_sequence=TYD;cDNA_sequence=ACTTACGAC;gDNA_sequence=ACTTACGAC;dbxref=GeneID:3815,HGNC:6342,MIM:164920;aliases=NP_001087241;source=RefSeq
KIT:p.T417_D419DELTYDINSI	CCDS3496 (protein_coding)	KIT	+	chr4:g.55589767_55589775/c.1249_1257/p.T417_D419	inside_[cds_in_exon_8]	protein_sequence=TYD;cDNA_sequence=ACTTACGAC;gDNA_sequence=ACTTACGAC;source=CCDS
KIT:p.T417_D419DELTYDINSI	CCDS47058 (protein_coding)	KIT	+	chr4:g.55589767_55589775/c.1249_1257/p.T417_D419	inside_[cds_in_exon_8]	protein_sequence=TYD;cDNA_sequence=ACTTACGAC;gDNA_sequence=ACTTACGAC;source=CCDS
KIT:p.T417_D419DELTYDINSI	KIT.aAug10 (protein_coding)	KIT	+	chr4:g.55589767_55589775/c.1249_1257/p.T417_D419	inside_[cds_in_exon_8]	protein_sequence=TYD;cDNA_sequence=ACTTACGAC;gDNA_sequence=ACTTACGAC;source=AceView
KIT:p.T417_D419DELTYDINSI	KIT.bAug10 (protein_coding)	KIT	+	chr4:g.55589767_55589775/c.1249_1257/p.T417_D419	inside_[cds_in_exon_8]	protein_sequence=TYD;cDNA_sequence=ACTTACGAC;gDNA_sequence=ACTTACGAC;source=AceView
[_annotate_snv_protein] warning: unknown alternative: NP, ignore alternative.						
KIT:p.K558NP	ENST00000288135 (protein_coding)	KIT	+	chr4:g.55593606_55593608/c.1672_1674/p.K558	inside_[cds_in_exon_11]	CSQN=Unclassified;aliases=ENSP00000288135;source=Ensembl
KIT:p.K558NP	ENST00000288135 (protein_coding)	KIT	+	chr4:g.55593606_55593608/c.1672_1674/p.K558	inside_[cds_in_exon_11]	CSQN=Unclassified;source=GENCODE
KIT:p.K558NP	NM_000222 (protein_coding)	KIT	+	chr4:g.55593606_55593608/c.1672_1674/p.K558	inside_[cds_in_exon_11]	CSQN=Unclassified;source=UCSCRefGene
KIT:p.K558NP	NM_000222 (protein_coding)	KIT	+	chr4:g.55593606_55593608/c.1672_1674/p.K558	inside_[cds_in_exon_11]	CSQN=Unclassified;dbxref=GeneID:3815,HGNC:6342,MIM:164920;aliases=NP_000213;source=RefSeq
KIT:p.K558NP	CCDS3496 (protein_coding)	KIT	+	chr4:g.55593606_55593608/c.1672_1674/p.K558	inside_[cds_in_exon_11]	CSQN=Unclassified;source=CCDS
KIT:p.K558NP	KIT.aAug10 (protein_coding)	KIT	+	chr4:g.55593606_55593608/c.1672_1674/p.K558	inside_[cds_in_exon_11]	CSQN=Unclassified;source=AceView
[wrap_exception] warning: invalid_mutation_string_p.ERBB2 G776INSV_G/C						
ERBB2:p.ERBB2 G776INSV_G/C	.	.	.	././.	.	Error_invalid_mutation_string_p.ERBB2 G776INSV_G/C
EGFR:p.E709_T710>D	ENST00000275493 (protein_coding)	EGFR	+	chr7:g.55241677_55241682/c.2125_2130/p.E709_T710	inside_[cds_in_exon_18]	protein_sequence=ET;cDNA_sequence=GAAACT;gDNA_sequence=GAAACT;aliases=ENSP00000275493;source=Ensembl
EGFR:p.E709_T710>D	ENST00000275493 (protein_coding)	EGFR	+	chr7:g.55241677_55241682/c.2125_2130/p.E709_T710	inside_[cds_in_exon_18]	protein_sequence=ET;cDNA_sequence=GAAACT;gDNA_sequence=GAAACT;source=GENCODE
EGFR:p.E709_T710>D	NM_005228 (protein_coding)	EGFR	+	chr7:g.55241677_55241682/c.2125_2130/p.E709_T710	inside_[cds_in_exon_18]	protein_sequence=ET;cDNA_sequence=GAAACT;gDNA_sequence=GAAACT;source=UCSCRefGene
EGFR:p.E709_T710>D	NM_005228 (protein_coding)	EGFR	+	chr7:g.55241677_55241682/c.2125_2130/p.E709_T710	inside_[cds_in_exon_18]	protein_sequence=ET;cDNA_sequence=GAAACT;gDNA_sequence=GAAACT;dbxref=GeneID:1956,HGNC:3236,HPRD:00579,MIM:131550;aliases=NP_005219;source=RefSeq
EGFR:p.E709_T710>D	CCDS5514 (protein_coding)	EGFR	+	chr7:g.55241677_55241682/c.2125_2130/p.E709_T710	inside_[cds_in_exon_18]	protein_sequence=ET;cDNA_sequence=GAAACT;gDNA_sequence=GAAACT;source=CCDS
EGFR:p.E709_T710>D	EGFR.aAug10 (protein_coding)	EGFR	+	chr7:g.55241677_55241682/c.2125_2130/p.E709_T710	inside_[cds_in_exon_18]	protein_sequence=ET;cDNA_sequence=GAAACT;gDNA_sequence=GAAACT;source=AceView
EGFR:p.A767_V769dupASV	ENST00000275493 (protein_coding)	EGFR	+	chr7:g.55249001_55249009/c.2299_2307/p.A767_V769	inside_[cds_in_exon_20]	protein_sequence=ASV;cDNA_sequence=GCCAGCGTG;gDNA_sequence=GCCAGCGTG;aliases=ENSP00000275493;source=Ensembl
EGFR:p.A767_V769dupASV	ENST00000275493 (protein_coding)	EGFR	+	chr7:g.55249001_55249009/c.2299_2307/p.A767_V769	inside_[cds_in_exon_20]	protein_sequence=ASV;cDNA_sequence=GCCAGCGTG;gDNA_sequence=GCCAGCGTG;source=GENCODE
EGFR:p.A767_V769dupASV	NM_005228 (protein_coding)	EGFR	+	chr7:g.55249001_55249009/c.2299_2307/p.A767_V769	inside_[cds_in_exon_20]	protein_sequence=ASV;cDNA_sequence=GCCAGCGTG;gDNA_sequence=GCCAGCGTG;source=UCSCRefGene
EGFR:p.A767_V769dupASV	NM_005228 (protein_coding)	EGFR	+	chr7:g.55249001_55249009/c.2299_2307/p.A767_V769	inside_[cds_in_exon_20]	protein_sequence=ASV;cDNA_sequence=GCCAGCGTG;gDNA_sequence=GCCAGCGTG;dbxref=GeneID:1956,HGNC:3236,HPRD:00579,MIM:131550;aliases=NP_005219;source=RefSeq
EGFR:p.A767_V769dupASV	CCDS5514 (protein_coding)	EGFR	+	chr7:g.55249001_55249009/c.2299_2307/p.A767_V769	inside_[cds_in_exon_20]	protein_sequence=ASV;cDNA_sequence=GCCAGCGTG;gDNA_sequence=GCCAGCGTG;source=CCDS
EGFR:p.A767_V769dupASV	EGFR.aAug10 (protein_coding)	EGFR	+	chr7:g.55249001_55249009/c.2299_2307/p.A767_V769	inside_[cds_in_exon_20]	protein_sequence=ASV;cDNA_sequence=GCCAGCGTG;gDNA_sequence=GCCAGCGTG;source=AceView
[_annotate_snv_protein] warning: unknown alternative: GY, ignore alternative.						
EGFR:p.N771>GY	ENST00000455089 (protein_coding)	EGFR	+	chr7:g.55249148_55249150/c.2311_2313/p.N771	inside_[cds_in_exon_19]	CSQN=Unclassified;aliases=ENSP00000415559;source=Ensembl
EGFR:p.N771>GY	ENST00000275493 (protein_coding)	EGFR	+	chr7:g.55249013_55249015/c.2311_2313/p.N771	inside_[cds_in_exon_20]	CSQN=Unclassified;aliases=ENSP00000275493;source=Ensembl
EGFR:p.N771>GY	ENST00000455089 (protein_coding)	EGFR	+	chr7:g.55249148_55249150/c.2311_2313/p.N771	inside_[cds_in_exon_19]	CSQN=Unclassified;source=GENCODE
EGFR:p.N771>GY	ENST00000275493 (protein_coding)	EGFR	+	chr7:g.55249013_55249015/c.2311_2313/p.N771	inside_[cds_in_exon_20]	CSQN=Unclassified;source=GENCODE
EGFR:p.N771>GY	NM_005228 (protein_coding)	EGFR	+	chr7:g.55249013_55249015/c.2311_2313/p.N771	inside_[cds_in_exon_20]	CSQN=Unclassified;source=UCSCRefGene
EGFR:p.N771>GY	XM_005271746 (protein_coding)	EGFR	+	chr7:g.55249148_55249150/c.2311_2313/p.N771	inside_[cds_in_exon_19]	CSQN=Unclassified;dbxref=GeneID:1956,HGNC:3236,HPRD:00579,MIM:131550;aliases=XP_005271803;source=RefSeq
EGFR:p.N771>GY	NM_005228 (protein_coding)	EGFR	+	chr7:g.55249013_55249015/c.2311_2313/p.N771	inside_[cds_in_exon_20]	CSQN=Unclassified;dbxref=GeneID:1956,HGNC:3236,HPRD:00579,MIM:131550;aliases=NP_005219;source=RefSeq
EGFR:p.N771>GY	CCDS5514 (protein_coding)	EGFR	+	chr7:g.55249013_55249015/c.2311_2313/p.N771	inside_[cds_in_exon_20]	CSQN=Unclassified;source=CCDS
EGFR:p.N771>GY	EGFR.aAug10 (protein_coding)	EGFR	+	chr7:g.55249013_55249015/c.2311_2313/p.N771	inside_[cds_in_exon_20]	CSQN=Unclassified;source=AceView
EGFR:p.E746_A750>IP	ENST00000275493 (protein_coding)	EGFR	+	chr7:g.55242466_55242480/c.2236_2250/p.E746_A750	inside_[cds_in_exon_19]	protein_sequence=ELREA;cDNA_sequence=GAA..GCA;gDNA_sequence=GAA..GCA;aliases=ENSP00000275493;source=Ensembl
EGFR:p.E746_A750>IP	ENST00000275493 (protein_coding)	EGFR	+	chr7:g.55242466_55242480/c.2236_2250/p.E746_A750	inside_[cds_in_exon_19]	protein_sequence=ELREA;cDNA_sequence=GAA..GCA;gDNA_sequence=GAA..GCA;source=GENCODE
EGFR:p.E746_A750>IP	NM_005228 (protein_coding)	EGFR	+	chr7:g.55242466_55242480/c.2236_2250/p.E746_A750	inside_[cds_in_exon_19]	protein_sequence=ELREA;cDNA_sequence=GAA..GCA;gDNA_sequence=GAA..GCA;source=UCSCRefGene
EGFR:p.E746_A750>IP	NM_005228 (protein_coding)	EGFR	+	chr7:g.55242466_55242480/c.2236_2250/p.E746_A750	inside_[cds_in_exon_19]	protein_sequence=ELREA;cDNA_sequence=GAA..GCA;gDNA_sequence=GAA..GCA;dbxref=GeneID:1956,HGNC:3236,HPRD:00579,MIM:131550;aliases=NP_005219;source=RefSeq
EGFR:p.E746_A750>IP	CCDS5514 (protein_coding)	EGFR	+	chr7:g.55242466_55242480/c.2236_2250/p.E746_A750	inside_[cds_in_exon_19]	protein_sequence=ELREA;cDNA_sequence=GAA..GCA;gDNA_sequence=GAA..GCA;source=CCDS
EGFR:p.E746_A750>IP	EGFR.aAug10 (protein_coding)	EGFR	+	chr7:g.55242466_55242480/c.2236_2250/p.E746_A750	inside_[cds_in_exon_19]	protein_sequence=ELREA;cDNA_sequence=GAA..GCA;gDNA_sequence=GAA..GCA;source=AceView
EGFR:p.K745_E749delKELRE	ENST00000275493 (protein_coding)	EGFR	+	chr7:g.55242463_55242477del15/c.2233_2247del15/p.K745_E749delKELRE	inside_[cds_in_exon_19]	CSQN=InFrameDeletion;left_align_gDNA=g.55242463_55242477del15;unaligned_gDNA=g.55242463_55242477del15;left_align_cDNA=c.2233_2247del15;unalign_cDNA=c.2233_2247del15;left_align_protein=p.K745_E749delKELRE;unalign_protein=p.K745_E749delKELRE;imprecise;aliases=ENSP00000275493;source=Ensembl
EGFR:p.K745_E749delKELRE	ENST00000275493 (protein_coding)	EGFR	+	chr7:g.55242463_55242477del15/c.2233_2247del15/p.K745_E749delKELRE	inside_[cds_in_exon_19]	CSQN=InFrameDeletion;left_align_gDNA=g.55242463_55242477del15;unaligned_gDNA=g.55242463_55242477del15;left_align_cDNA=c.2233_2247del15;unalign_cDNA=c.2233_2247del15;left_align_protein=p.K745_E749delKELRE;unalign_protein=p.K745_E749delKELRE;imprecise;source=GENCODE
EGFR:p.K745_E749delKELRE	NM_005228 (protein_coding)	EGFR	+	chr7:g.55242463_55242477del15/c.2233_2247del15/p.K745_E749delKELRE	inside_[cds_in_exon_19]	CSQN=InFrameDeletion;left_align_gDNA=g.55242463_55242477del15;unaligned_gDNA=g.55242463_55242477del15;left_align_cDNA=c.2233_2247del15;unalign_cDNA=c.2233_2247del15;left_align_protein=p.K745_E749delKELRE;unalign_protein=p.K745_E749delKELRE;imprecise;source=UCSCRefGene
EGFR:p.K745_E749delKELRE	NM_005228 (protein_coding)	EGFR	+	chr7:g.55242463_55242477del15/c.2233_2247del15/p.K745_E749delKELRE	inside_[cds_in_exon_19]	CSQN=InFrameDeletion;left_align_gDNA=g.55242463_55242477del15;unaligned_gDNA=g.55242463_55242477del15;left_align_cDNA=c.2233_2247del15;unalign_cDNA=c.2233_2247del15;left_align_protein=p.K745_E749delKELRE;unalign_protein=p.K745_E749delKELRE;imprecise;dbxref=GeneID:1956,HGNC:3236,HPRD:00579,MIM:131550;aliases=NP_005219;source=RefSeq
EGFR:p.K745_E749delKELRE	CCDS5514 (protein_coding)	EGFR	+	chr7:g.55242463_55242477del15/c.2233_2247del15/p.K745_E749delKELRE	inside_[cds_in_exon_19]	CSQN=InFrameDeletion;left_align_gDNA=g.55242463_55242477del15;unaligned_gDNA=g.55242463_55242477del15;left_align_cDNA=c.2233_2247del15;unalign_cDNA=c.2233_2247del15;left_align_protein=p.K745_E749delKELRE;unalign_protein=p.K745_E749delKELRE;imprecise;source=CCDS
EGFR:p.K745_E749delKELRE	EGFR.aAug10 (protein_coding)	EGFR	+	chr7:g.55242463_55242477del15/c.2233_2247del15/p.K745_E749delKELRE	inside_[cds_in_exon_19]	CSQN=InFrameDeletion;left_align_gDNA=g.55242463_55242477del15;unaligned_gDNA=g.55242463_55242477del15;left_align_cDNA=c.2233_2247del15;unalign_cDNA=c.2233_2247del15;left_align_protein=p.K745_E749delKELRE;unalign_protein=p.K745_E749delKELRE;imprecise;source=AceView
[wrap_exception] warning: invalid_mutation_string_p.DELNVTAP						
BRAF:p.DELNVTAP	.	.	.	././.	.	Error_invalid_mutation_string_p.DELNVTAP
JAK2:p.F547	ENST00000539801 (protein_coding)	JAK2	+	chr9:g.5070050_5070052/c.1639_1641/p.547F	inside_[cds_in_exon_11]	protein_sequence=F;cDNA_sequence=TTT;gDNA_sequence=TTT;aliases=ENSP00000440387;source=Ensembl
JAK2:p.F547	ENST00000381652 (protein_coding)	JAK2	+	chr9:g.5070050_5070052/c.1639_1641/p.547F	inside_[cds_in_exon_12]	protein_sequence=F;cDNA_sequence=TTT;gDNA_sequence=TTT;aliases=ENSP00000371067;source=Ensembl
JAK2:p.F547	ENST00000539801 (protein_coding)	JAK2	+	chr9:g.5070050_5070052/c.1639_1641/p.547F	inside_[cds_in_exon_11]	protein_sequence=F;cDNA_sequence=TTT;gDNA_sequence=TTT;source=GENCODE
JAK2:p.F547	ENST00000381652 (protein_coding)	JAK2	+	chr9:g.5070050_5070052/c.1639_1641/p.547F	inside_[cds_in_exon_12]	protein_sequence=F;cDNA_sequence=TTT;gDNA_sequence=TTT;source=GENCODE
JAK2:p.F547	NM_004972 (protein_coding)	JAK2	+	chr9:g.5070050_5070052/c.1639_1641/p.547F	inside_[cds_in_exon_12]	protein_sequence=F;cDNA_sequence=TTT;gDNA_sequence=TTT;source=UCSCRefGene
JAK2:p.F547	NM_004972 (protein_coding)	JAK2	+	chr9:g.5070050_5070052/c.1639_1641/p.547F	inside_[cds_in_exon_12]	protein_sequence=F;cDNA_sequence=TTT;gDNA_sequence=TTT;dbxref=GeneID:3717,HGNC:6192,HPRD:00993,MIM:147796;aliases=NP_004963;source=RefSeq
JAK2:p.F547	XM_005251455 (protein_coding)	JAK2	+	chr9:g.5070050_5070052/c.1639_1641/p.547F	inside_[cds_in_exon_12]	protein_sequence=F;cDNA_sequence=TTT;gDNA_sequence=TTT;dbxref=GeneID:3717,HGNC:6192,HPRD:00993,MIM:147796;aliases=XP_005251512;source=RefSeq
JAK2:p.F547	CCDS6457 (protein_coding)	JAK2	+	chr9:g.5070050_5070052/c.1639_1641/p.547F	inside_[cds_in_exon_10]	protein_sequence=F;cDNA_sequence=TTT;gDNA_sequence=TTT;source=CCDS
JAK2:p.F547	JAK2.aAug10 (protein_coding)	JAK2	+	chr9:g.5070050_5070052/c.1639_1641/p.547F	inside_[cds_in_exon_12]	protein_sequence=F;cDNA_sequence=TTT;gDNA_sequence=TTT;source=AceView
JAK2:p.F547	JAK2.bAug10 (protein_coding)	JAK2	+	chr9:g.5070050_5070052/c.1639_1641/p.547F	inside_[cds_in_exon_11]	protein_sequence=F;cDNA_sequence=TTT;gDNA_sequence=TTT;source=AceView
[wrap_exception] warning: invalid_mutation_string_p.P81delRVV (c.243_251delGCGCGTCGT)						
VHL:p.P81delRVV (c.243_251delGCGCGTCGT)	.	.	.	././.	.	Error_invalid_mutation_string_p.P81delRVV (c.243_251delGCGCGTCGT)
[wrap_exception] warning: invalid_mutation_string_p.F158ins (c.472insTTT)						
VHL:p.F158ins (c.472insTTT)	.	.	.	././.	.	Error_invalid_mutation_string_p.F158ins (c.472insTTT)
[wrap_exception] warning: invalid_mutation_string_p.R177ins (c.531insCTGAGAGTAAAGCCTGAA)						
VHL:p.R177ins (c.531insCTGAGAGTAAAGCCTGAA)	.	.	.	././.	.	Error_invalid_mutation_string_p.R177ins (c.531insCTGAGAGTAAAGCCTGAA)
[wrap_exception] warning: int() argument must be a string or a number, not 'NoneType'						
EGFR:p.delD770insGY	.	.	.	././.	.	Error_int() argument must be a string or a number, not 'NoneType'
EGFR:p.delL747_P753insS	.	.	.	././.	.	no_valid_transcript_found
EGFR:p.delL747_P753insS	.	.	.	././.	.	no_valid_transcript_found
EGFR:p.delL747_P753insS	.	.	.	././.	.	no_valid_transcript_found
EGFR:p.delL747_P753insS	.	.	.	././.	.	no_valid_transcript_found
EGFR:p.delL747_P753insS	.	.	.	././.	.	no_valid_transcript_found
EGFR:p.delL747_P753insS	.	.	.	././.	.	no_valid_transcript_found
EGFR:p.delE746_A750	.	.	.	././.	.	no_valid_transcript_found
EGFR:p.delE746_A750	.	.	.	././.	.	no_valid_transcript_found
EGFR:p.delE746_A750	.	.	.	././.	.	no_valid_transcript_found
EGFR:p.delE746_A750	.	.	.	././.	.	no_valid_transcript_found
EGFR:p.delE746_A750	.	.	.	././.	.	no_valid_transcript_found
EGFR:p.delE746_A750	.	.	.	././.	.	no_valid_transcript_found
[wrap_exception] warning: invalid_mutation_string_p.P71_78del (c.213_232del)						
VHL:p.P71_78del (c.213_232del)	.	.	.	././.	.	Error_invalid_mutation_string_p.P71_78del (c.213_232del)
BRAF:p.V600E	ENST00000288602 (protein_coding)	BRAF	-	chr7:g.140453136A>T/c.1799T>A/p.V600E	inside_[cds_in_exon_15]	CSQN=Missense;reference_codon=GTG;candidate_codons=GAG,GAA;candidate_mnv_variants=chr7:g.140453135_140453136delCAinsTT;dbsnp=rs113488022(chr7:140453136A>T);aliases=ENSP00000288602;source=Ensembl
BRAF:p.V600E	ENST00000288602 (protein_coding)	BRAF	-	chr7:g.140453136A>T/c.1799T>A/p.V600E	inside_[cds_in_exon_15]	CSQN=Missense;reference_codon=GTG;candidate_codons=GAG,GAA;candidate_mnv_variants=chr7:g.140453135_140453136delCAinsTT;dbsnp=rs113488022(chr7:140453136A>T);source=GENCODE
BRAF:p.V600E	NM_004333 (protein_coding)	BRAF	-	chr7:g.140453136A>T/c.1799T>A/p.V600E	inside_[cds_in_exon_15]	CSQN=Missense;reference_codon=GTG;candidate_codons=GAG,GAA;candidate_mnv_variants=chr7:g.140453135_140453136delCAinsTT;dbsnp=rs113488022(chr7:140453136A>T);source=UCSCRefGene
BRAF:p.V600E	XM_005250047 (protein_coding)	BRAF	-	chr7:g.140453136A>T/c.1799T>A/p.V600E	inside_[cds_in_exon_15]	CSQN=Missense;reference_codon=GTG;candidate_codons=GAG,GAA;candidate_mnv_variants=chr7:g.140453135_140453136delCAinsTT;dbsnp=rs113488022(chr7:140453136A>T);dbxref=GeneID:673,HGNC:1097,MIM:164757;aliases=XP_005250104;source=RefSeq
BRAF:p.V600E	XM_005250046 (protein_coding)	BRAF	-	chr7:g.140453136A>T/c.1799T>A/p.V600E	inside_[cds_in_exon_15]	CSQN=Missense;reference_codon=GTG;candidate_codons=GAG,GAA;candidate_mnv_variants=chr7:g.140453135_140453136delCAinsTT;dbsnp=rs113488022(chr7:140453136A>T);dbxref=GeneID:673,HGNC:1097,MIM:164757;aliases=XP_005250103;source=RefSeq
BRAF:p.V600E	XM_005250045 (protein_coding)	BRAF	-	chr7:g.140453136A>T/c.1799T>A/p.V600E	inside_[cds_in_exon_15]	CSQN=Missense;reference_codon=GTG;candidate_codons=GAG,GAA;candidate_mnv_variants=chr7:g.140453135_140453136delCAinsTT;dbsnp=rs113488022(chr7:140453136A>T);dbxref=GeneID:673,HGNC:1097,MIM:164757;aliases=XP_005250102;source=RefSeq
BRAF:p.V600E	NM_004333 (protein_coding)	BRAF	-	chr7:g.140453136A>T/c.1799T>A/p.V600E	inside_[cds_in_exon_15]	CSQN=Missense;reference_codon=GTG;candidate_codons=GAG,GAA;candidate_mnv_variants=chr7:g.140453135_140453136delCAinsTT;dbsnp=rs113488022(chr7:140453136A>T);dbxref=GeneID:673,HGNC:1097,MIM:164757;aliases=NP_004324;source=RefSeq
BRAF:p.V600E	CCDS5863 (protein_coding)	BRAF	-	chr7:g.140453136A>T/c.1799T>A/p.V600E	inside_[cds_in_exon_15]	CSQN=Missense;reference_codon=GTG;candidate_codons=GAG,GAA;candidate_mnv_variants=chr7:g.140453135_140453136delCAinsTT;dbsnp=rs113488022(chr7:140453136A>T);source=CCDS
BRAF:p.V600E	BRAF.aAug10 (protein_coding)	BRAF	-	chr7:g.140453136A>T/c.1799T>A/p.V600E	inside_[cds_in_exon_15]	CSQN=Missense;reference_codon=GTG;candidate_codons=GAG,GAA;candidate_mnv_variants=chr7:g.140453135_140453136delCAinsTT;dbsnp=rs113488022(chr7:140453136A>T);source=AceView
[wrap_exception] warning: invalid_mutation_string_p.EWSR1-NR4A3						
EWSR1:p.EWSR1-NR4A3	.	.	.	././.	.	Error_invalid_mutation_string_p.EWSR1-NR4A3
MAP2K1:p.E102_I103delEI	ENST00000307102 (protein_coding)	MAP2K1	+	chr15:g.66729096_66729101delGAGATC/c.304_309delGAGATC/p.E102_I103delEI	inside_[cds_in_exon_3]	CSQN=InFrameDeletion;left_align_gDNA=g.66729096_66729101delGAGATC;unaligned_gDNA=g.66729096_66729101delGAGATC;left_align_cDNA=c.304_309delGAGATC;unalign_cDNA=c.304_309delGAGATC;left_align_protein=p.E102_I103delEI;unalign_protein=p.E102_I103delEI;imprecise;aliases=ENSP00000302486;source=Ensembl
MAP2K1:p.E102_I103delEI	ENST00000307102 (protein_coding)	MAP2K1	+	chr15:g.66729096_66729101delGAGATC/c.304_309delGAGATC/p.E102_I103delEI	inside_[cds_in_exon_3]	CSQN=InFrameDeletion;left_align_gDNA=g.66729096_66729101delGAGATC;unaligned_gDNA=g.66729096_66729101delGAGATC;left_align_cDNA=c.304_309delGAGATC;unalign_cDNA=c.304_309delGAGATC;left_align_protein=p.E102_I103delEI;unalign_protein=p.E102_I103delEI;imprecise;source=GENCODE
MAP2K1:p.E102_I103delEI	NM_002755 (protein_coding)	MAP2K1	+	chr15:g.66729096_66729101delGAGATC/c.304_309delGAGATC/p.E102_I103delEI	inside_[cds_in_exon_3]	CSQN=InFrameDeletion;left_align_gDNA=g.66729096_66729101delGAGATC;unaligned_gDNA=g.66729096_66729101delGAGATC;left_align_cDNA=c.304_309delGAGATC;unalign_cDNA=c.304_309delGAGATC;left_align_protein=p.E102_I103delEI;unalign_protein=p.E102_I103delEI;imprecise;source=UCSCRefGene
MAP2K1:p.E102_I103delEI	XM_005254541 (protein_coding)	MAP2K1	+	chr15:g.66729096_66729101delGAGATC/c.304_309delGAGATC/p.E102_I103delEI	inside_[cds_in_exon_3]	CSQN=InFrameDeletion;left_align_gDNA=g.66729096_66729101delGAGATC;unaligned_gDNA=g.66729096_66729101delGAGATC;left_align_cDNA=c.304_309delGAGATC;unalign_cDNA=c.304_309delGAGATC;left_align_protein=p.E102_I103delEI;unalign_protein=p.E102_I103delEI;imprecise;dbxref=GeneID:5604,HGNC:6840,HPRD:01469,MIM:176872;aliases=XP_005254598;source=RefSeq
MAP2K1:p.E102_I103delEI	NM_002755 (protein_coding)	MAP2K1	+	chr15:g.66729096_66729101delGAGATC/c.304_309delGAGATC/p.E102_I103delEI	inside_[cds_in_exon_3]	CSQN=InFrameDeletion;left_align_gDNA=g.66729096_66729101delGAGATC;unaligned_gDNA=g.66729096_66729101delGAGATC;left_align_cDNA=c.304_309delGAGATC;unalign_cDNA=c.304_309delGAGATC;left_align_protein=p.E102_I103delEI;unalign_protein=p.E102_I103delEI;imprecise;dbxref=GeneID:5604,HGNC:6840,HPRD:01469,MIM:176872;aliases=NP_002746;source=RefSeq
MAP2K1:p.E102_I103delEI	CCDS10216 (protein_coding)	MAP2K1	+	chr15:g.66729096_66729101delGAGATC/c.304_309delGAGATC/p.E102_I103delEI	inside_[cds_in_exon_3]	CSQN=InFrameDeletion;left_align_gDNA=g.66729096_66729101delGAGATC;unaligned_gDNA=g.66729096_66729101delGAGATC;left_align_cDNA=c.304_309delGAGATC;unalign_cDNA=c.304_309delGAGATC;left_align_protein=p.E102_I103delEI;unalign_protein=p.E102_I103delEI;imprecise;source=CCDS
MAP2K1:p.E102_I103delEI	MAP2K1.aAug10 (protein_coding)	MAP2K1	+	chr15:g.66729096_66729101delGAGATC/c.304_309delGAGATC/p.E102_I103delEI	inside_[cds_in_exon_3]	CSQN=InFrameDeletion;left_align_gDNA=g.66729096_66729101delGAGATC;unaligned_gDNA=g.66729096_66729101delGAGATC;left_align_cDNA=c.304_309delGAGATC;unalign_cDNA=c.304_309delGAGATC;left_align_protein=p.E102_I103delEI;unalign_protein=p.E102_I103delEI;imprecise;source=AceView
HRAS:p.Q61	ENST00000397594 (protein_coding)	HRAS	-	chr11:g.533873_533875/c.181_183/p.61Q	inside_[cds_in_exon_2]	protein_sequence=Q;cDNA_sequence=CAG;gDNA_sequence=CTG;aliases=ENSP00000380722;source=Ensembl
HRAS:p.Q61	ENST00000397596 (protein_coding)	HRAS	-	chr11:g.533873_533875/c.181_183/p.61Q	inside_[cds_in_exon_3]	protein_sequence=Q;cDNA_sequence=CAG;gDNA_sequence=CTG;aliases=ENSP00000380723;source=Ensembl
HRAS:p.Q61	ENST00000451590 (protein_coding)	HRAS	-	chr11:g.533873_533875/c.181_183/p.61Q	inside_[cds_in_exon_3]	protein_sequence=Q;cDNA_sequence=CAG;gDNA_sequence=CTG;aliases=ENSP00000407586;source=Ensembl
HRAS:p.Q61	ENST00000417302 (protein_coding)	HRAS	-	chr11:g.533873_533875/c.181_183/p.61Q	inside_[cds_in_exon_3]	protein_sequence=Q;cDNA_sequence=CAG;gDNA_sequence=CTG;aliases=ENSP00000388246;source=Ensembl
HRAS:p.Q61	ENST00000311189 (protein_coding)	HRAS	-	chr11:g.533873_533875/c.181_183/p.61Q	inside_[cds_in_exon_3]	protein_sequence=Q;cDNA_sequence=CAG;gDNA_sequence=CTG;aliases=ENSP00000309845;source=Ensembl
HRAS:p.Q61	ENST00000397594 (protein_coding)	HRAS	-	chr11:g.533873_533875/c.181_183/p.61Q	inside_[cds_in_exon_2]	protein_sequence=Q;cDNA_sequence=CAG;gDNA_sequence=CTG;source=GENCODE
HRAS:p.Q61	ENST00000397596 (protein_coding)	HRAS	-	chr11:g.533873_533875/c.181_183/p.61Q	inside_[cds_in_exon_3]	protein_sequence=Q;cDNA_sequence=CAG;gDNA_sequence=CTG;source=GENCODE
HRAS:p.Q61	ENST00000451590 (protein_coding)	HRAS	-	chr11:g.533873_533875/c.181_183/p.61Q	inside_[cds_in_exon_3]	protein_sequence=Q;cDNA_sequence=CAG;gDNA_sequence=CTG;source=GENCODE
HRAS:p.Q61	ENST00000417302 (protein_coding)	HRAS	-	chr11:g.533873_533875/c.181_183/p.61Q	inside_[cds_in_exon_3]	protein_sequence=Q;cDNA_sequence=CAG;gDNA_sequence=CTG;source=GENCODE
HRAS:p.Q61	ENST00000311189 (protein_coding)	HRAS	-	chr11:g.533873_533875/c.181_183/p.61Q	inside_[cds_in_exon_3]	protein_sequence=Q;cDNA_sequence=CAG;gDNA_sequence=CTG;source=GENCODE
HRAS:p.Q61	NM_005343 (protein_coding)	HRAS	-	chr11:g.533873_533875/c.181_183/p.61Q	inside_[cds_in_exon_3]	protein_sequence=Q;cDNA_sequence=CAG;gDNA_sequence=CTG;source=UCSCRefGene
HRAS:p.Q61	NM_176795 (protein_coding)	HRAS	-	chr11:g.533873_533875/c.181_183/p.61Q	inside_[cds_in_exon_3]	protein_sequence=Q;cDNA_sequence=CAG;gDNA_sequence=CTG;source=UCSCRefGene
HRAS:p.Q61	NM_001130442 (protein_coding)	HRAS	-	chr11:g.533873_533875/c.181_183/p.61Q	inside_[cds_in_exon_3]	protein_sequence=Q;cDNA_sequence=CAG;gDNA_sequence=CTG;source=UCSCRefGene
HRAS:p.Q61	NM_005343 (protein_coding)	HRAS	-	chr11:g.533873_533875/c.181_183/p.61Q	inside_[cds_in_exon_3]	protein_sequence=Q;cDNA_sequence=CAG;gDNA_sequence=CTG;dbxref=GeneID:3265,HGNC:5173,HPRD:01813,MIM:190020;aliases=NP_005334;source=RefSeq
HRAS:p.Q61	NM_001130442 (protein_coding)	HRAS	-	chr11:g.533873_533875/c.181_183/p.61Q	inside_[cds_in_exon_3]	protein_sequence=Q;cDNA_sequence=CAG;gDNA_sequence=CTG;dbxref=GeneID:3265,HGNC:5173,HPRD:01813,MIM:190020;aliases=NP_001123914;source=RefSeq
HRAS:p.Q61	NM_176795 (protein_coding)	HRAS	-	chr11:g.533873_533875/c.181_183/p.61Q	inside_[cds_in_exon_3]	protein_sequence=Q;cDNA_sequence=CAG;gDNA_sequence=CTG;dbxref=GeneID:3265,HGNC:5173,HPRD:01813,MIM:190020;aliases=NP_789765;source=RefSeq
HRAS:p.Q61	XM_005252884 (protein_coding)	HRAS	-	chr11:g.533873_533875/c.181_183/p.61Q	inside_[cds_in_exon_3]	protein_sequence=Q;cDNA_sequence=CAG;gDNA_sequence=CTG;dbxref=GeneID:3265,HGNC:5173,HPRD:01813,MIM:190020;aliases=XP_005252941;source=RefSeq
HRAS:p.Q61	CCDS7698 (protein_coding)	HRAS	-	chr11:g.533873_533875/c.181_183/p.61Q	inside_[cds_in_exon_2]	protein_sequence=Q;cDNA_sequence=CAG;gDNA_sequence=CTG;source=CCDS
HRAS:p.Q61	CCDS7699 (protein_coding)	HRAS	-	chr11:g.533873_533875/c.181_183/p.61Q	inside_[cds_in_exon_2]	protein_sequence=Q;cDNA_sequence=CAG;gDNA_sequence=CTG;source=CCDS
HRAS:p.Q61	HRAS.aAug10 (protein_coding)	HRAS	-	chr11:g.533873_533875/c.181_183/p.61Q	inside_[cds_in_exon_3]	protein_sequence=Q;cDNA_sequence=CAG;gDNA_sequence=CTG;source=AceView
HRAS:p.Q61	HRAS.bAug10 (protein_coding)	HRAS	-	chr11:g.533873_533875/c.181_183/p.61Q	inside_[cds_in_exon_3]	protein_sequence=Q;cDNA_sequence=CAG;gDNA_sequence=CTG;source=AceView
HRAS:p.Q61	HRAS.cAug10 (protein_coding)	HRAS	-	chr11:g.533873_533875/c.181_183/p.61Q	inside_[cds_in_exon_3]	protein_sequence=Q;cDNA_sequence=CAG;gDNA_sequence=CTG;source=AceView
HRAS:p.Q61	HRAS.eAug10 (protein_coding)	HRAS	-	chr11:g.533873_533875/c.181_183/p.61Q	inside_[cds_in_exon_3]	protein_sequence=Q;cDNA_sequence=CAG;gDNA_sequence=CTG;source=AceView
HRAS:p.Q61	HRAS.fAug10 (protein_coding)	HRAS	-	chr11:g.533873_533875/c.181_183/p.61Q	inside_[cds_in_exon_3]	protein_sequence=Q;cDNA_sequence=CAG;gDNA_sequence=CTG;source=AceView
DICER1:p.E1813	ENST00000343455 (protein_coding)	DICER1	-	chr14:g.95557628_95557630/c.5437_5439/p.1813E	inside_[cds_in_exon_25]	protein_sequence=E;cDNA_sequence=GAG;gDNA_sequence=CTC;aliases=ENSP00000343745;source=Ensembl
DICER1:p.E1813	ENST00000526495 (protein_coding)	DICER1	-	chr14:g.95557628_95557630/c.5437_5439/p.1813E	inside_[cds_in_exon_27]	protein_sequence=E;cDNA_sequence=GAG;gDNA_sequence=CTC;aliases=ENSP00000437256;source=Ensembl
DICER1:p.E1813	ENST00000393063 (protein_coding)	DICER1	-	chr14:g.95557628_95557630/c.5437_5439/p.1813E	inside_[cds_in_exon_26]	protein_sequence=E;cDNA_sequence=GAG;gDNA_sequence=CTC;aliases=ENSP00000376783;source=Ensembl
DICER1:p.E1813	ENST00000527414 (protein_coding)	DICER1	-	chr14:g.95557628_95557630/c.5437_5439/p.1813E	inside_[cds_in_exon_25]	protein_sequence=E;cDNA_sequence=GAG;gDNA_sequence=CTC;aliases=ENSP00000435681;source=Ensembl
DICER1:p.E1813	ENST00000343455 (protein_coding)	DICER1	-	chr14:g.95557628_95557630/c.5437_5439/p.1813E	inside_[cds_in_exon_25]	protein_sequence=E;cDNA_sequence=GAG;gDNA_sequence=CTC;source=GENCODE
DICER1:p.E1813	ENST00000526495 (protein_coding)	DICER1	-	chr14:g.95557628_95557630/c.5437_5439/p.1813E	inside_[cds_in_exon_27]	protein_sequence=E;cDNA_sequence=GAG;gDNA_sequence=CTC;source=GENCODE
DICER1:p.E1813	ENST00000393063 (protein_coding)	DICER1	-	chr14:g.95557628_95557630/c.5437_5439/p.1813E	inside_[cds_in_exon_26]	protein_sequence=E;cDNA_sequence=GAG;gDNA_sequence=CTC;source=GENCODE
DICER1:p.E1813	ENST00000527414 (protein_coding)	DICER1	-	chr14:g.95557628_95557630/c.5437_5439/p.1813E	inside_[cds_in_exon_25]	protein_sequence=E;cDNA_sequence=GAG;gDNA_sequence=CTC;source=GENCODE
DICER1:p.E1813	NM_177438 (protein_coding)	DICER1	-	chr14:g.95557628_95557630/c.5437_5439/p.1813E	inside_[cds_in_exon_25]	protein_sequence=E;cDNA_sequence=GAG;gDNA_sequence=CTC;source=UCSCRefGene
DICER1:p.E1813	NM_001291628 (protein_coding)	DICER1	-	chr14:g.95557628_95557630/c.5437_5439/p.1813E	inside_[cds_in_exon_25]	protein_sequence=E;cDNA_sequence=GAG;gDNA_sequence=CTC;source=UCSCRefGene
DICER1:p.E1813	NM_030621 (protein_coding)	DICER1	-	chr14:g.95557628_95557630/c.5437_5439/p.1813E	inside_[cds_in_exon_27]	protein_sequence=E;cDNA_sequence=GAG;gDNA_sequence=CTC;source=UCSCRefGene
DICER1:p.E1813	NM_001271282 (protein_coding)	DICER1	-	chr14:g.95557628_95557630/c.5437_5439/p.1813E	inside_[cds_in_exon_25]	protein_sequence=E;cDNA_sequence=GAG;gDNA_sequence=CTC;source=UCSCRefGene
DICER1:p.E1813	NM_177438 (protein_coding)	DICER1	-	chr14:g.95557628_95557630/c.5437_5439/p.1813E	inside_[cds_in_exon_25]	protein_sequence=E;cDNA_sequence=GAG;gDNA_sequence=CTC;dbxref=GeneID:23405,HGNC:17098,HPRD:05875,MIM:606241;aliases=NP_803187;source=RefSeq
DICER1:p.E1813	NM_030621 (protein_coding)	DICER1	-	chr14:g.95557628_95557630/c.5437_5439/p.1813E	inside_[cds_in_exon_26]	protein_sequence=E;cDNA_sequence=GAG;gDNA_sequence=CTC;dbxref=GeneID:23405,HGNC:17098,HPRD:05875,MIM:606241;aliases=NP_085124;source=RefSeq
DICER1:p.E1813	NM_001271282 (protein_coding)	DICER1	-	chr14:g.95557628_95557630/c.5437_5439/p.1813E	inside_[cds_in_exon_25]	protein_sequence=E;cDNA_sequence=GAG;gDNA_sequence=CTC;dbxref=GeneID:23405,HGNC:17098,HPRD:05875,MIM:606241;aliases=NP_001258211;source=RefSeq
DICER1:p.E1813	CCDS9931 (protein_coding)	DICER1	-	chr14:g.95557628_95557630/c.5437_5439/p.1813E	inside_[cds_in_exon_24]	protein_sequence=E;cDNA_sequence=GAG;gDNA_sequence=CTC;source=CCDS
DICER1:p.E1813	DICER1.aAug10 (protein_coding)	DICER1	-	chr14:g.95557628_95557630/c.5437_5439/p.1813E	inside_[cds_in_exon_25]	protein_sequence=E;cDNA_sequence=GAG;gDNA_sequence=CTC;source=AceView
DICER1:p.E1813	DICER1.bAug10 (protein_coding)	DICER1	-	chr14:g.95557628_95557630/c.5437_5439/p.1813E	inside_[cds_in_exon_27]	protein_sequence=E;cDNA_sequence=GAG;gDNA_sequence=CTC;source=AceView
DICER1:p.E1813	DICER1.cAug10 (protein_coding)	DICER1	-	chr14:g.95557628_95557630/c.5437_5439/p.1813E	inside_[cds_in_exon_25]	protein_sequence=E;cDNA_sequence=GAG;gDNA_sequence=CTC;source=AceView